Copyright 1986-2022 Xilinx, Inc. All Rights Reserved. Copyright 2022-2025 Advanced Micro Devices, Inc. All Rights Reserved.
---------------------------------------------------------------------------------------------------------------------------------------------------------------------------------------------------------------------
| Tool Version : Vivado v.2025.2 (win64) Build 6299465 Fri Nov 14 19:35:11 GMT 2025
| Date         : Sat Jul  4 00:05:50 2026
| Host         : Sourish_PC running 64-bit major release  (build 9200)
| Command      : report_timing_summary -max_paths 10 -routable_nets -report_unconstrained -file top_timing_summary_routed.rpt -pb top_timing_summary_routed.pb -rpx top_timing_summary_routed.rpx -warn_on_violation
| Design       : top
| Device       : 7a100t-csg324
| Speed File   : -1  PRODUCTION 1.23 2018-06-13
| Design State : Routed
---------------------------------------------------------------------------------------------------------------------------------------------------------------------------------------------------------------------

Timing Summary Report

------------------------------------------------------------------------------------------------
| Timer Settings
| --------------
------------------------------------------------------------------------------------------------

  Enable Multi Corner Analysis               :  Yes
  Enable Pessimism Removal                   :  Yes
  Pessimism Removal Resolution               :  Nearest Common Node
  Enable Input Delay Default Clock           :  No
  Enable Preset / Clear Arcs                 :  No
  Disable Flight Delays                      :  No
  Ignore I/O Paths                           :  No
  Timing Early Launch at Borrowing Latches   :  No
  Borrow Time for Max Delay Exceptions       :  Yes
  Merge Timing Exceptions                    :  Yes
  Inter-SLR Compensation                     :  Conservative

  Corner  Analyze    Analyze    
  Name    Max Paths  Min Paths  
  ------  ---------  ---------  
  Slow    Yes        Yes        
  Fast    Yes        Yes        


------------------------------------------------------------------------------------------------
| Report Methodology
| ------------------
------------------------------------------------------------------------------------------------

Rule       Severity  Description                                 Violations  
---------  --------  ------------------------------------------  ----------  
LUTAR-1    Warning   LUT drives async reset alert                1           
SYNTH-6    Warning   Timing of a RAM block might be sub-optimal  3           
TIMING-18  Warning   Missing input or output delay               11          

Note: This report is based on the most recent report_methodology run and may not be up-to-date. Run report_methodology on the current design for the latest report.



check_timing report

Table of Contents
-----------------
1. checking no_clock (0)
2. checking constant_clock (0)
3. checking pulse_width_clock (0)
4. checking unconstrained_internal_endpoints (0)
5. checking no_input_delay (2)
6. checking no_output_delay (8)
7. checking multiple_clock (0)
8. checking generated_clocks (0)
9. checking loops (0)
10. checking partial_input_delay (0)
11. checking partial_output_delay (0)
12. checking latch_loops (0)

1. checking no_clock (0)
------------------------
 There are 0 register/latch pins with no clock.


2. checking constant_clock (0)
------------------------------
 There are 0 register/latch pins with constant_clock.


3. checking pulse_width_clock (0)
---------------------------------
 There are 0 register/latch pins which need pulse_width check


4. checking unconstrained_internal_endpoints (0)
------------------------------------------------
 There are 0 pins that are not constrained for maximum delay.

 There are 0 pins that are not constrained for maximum delay due to constant clock.


5. checking no_input_delay (2)
------------------------------
 There are 2 input ports with no input delay specified. (HIGH)

 There are 0 input ports with no input delay but user has a false path constraint.


6. checking no_output_delay (8)
-------------------------------
 There are 8 ports with no output delay specified. (HIGH)

 There are 0 ports with no output delay but user has a false path constraint

 There are 0 ports with no output delay but with a timing clock defined on it or propagating through it


7. checking multiple_clock (0)
------------------------------
 There are 0 register/latch pins with multiple clocks.


8. checking generated_clocks (0)
--------------------------------
 There are 0 generated clocks that are not connected to a clock source.


9. checking loops (0)
---------------------
 There are 0 combinational loops in the design.


10. checking partial_input_delay (0)
------------------------------------
 There are 0 input ports with partial input delay specified.


11. checking partial_output_delay (0)
-------------------------------------
 There are 0 ports with partial output delay specified.


12. checking latch_loops (0)
----------------------------
 There are 0 combinational latch loops in the design through latch input



------------------------------------------------------------------------------------------------
| Design Timing Summary
| ---------------------
------------------------------------------------------------------------------------------------

    WNS(ns)      TNS(ns)  TNS Failing Endpoints  TNS Total Endpoints      WHS(ns)      THS(ns)  THS Failing Endpoints  THS Total Endpoints     WPWS(ns)     TPWS(ns)  TPWS Failing Endpoints  TPWS Total Endpoints  
    -------      -------  ---------------------  -------------------      -------      -------  ---------------------  -------------------     --------     --------  ----------------------  --------------------  
      3.787        0.000                      0                 8049        0.044        0.000                      0                 8049        4.020        0.000                       0                  3611  


All user specified timing constraints are met.


------------------------------------------------------------------------------------------------
| Clock Summary
| -------------
------------------------------------------------------------------------------------------------

Clock        Waveform(ns)       Period(ns)      Frequency(MHz)
-----        ------------       ----------      --------------
sys_clk_pin  {0.000 5.000}      10.000          100.000         


------------------------------------------------------------------------------------------------
| Intra Clock Table
| -----------------
------------------------------------------------------------------------------------------------

Clock             WNS(ns)      TNS(ns)  TNS Failing Endpoints  TNS Total Endpoints      WHS(ns)      THS(ns)  THS Failing Endpoints  THS Total Endpoints     WPWS(ns)     TPWS(ns)  TPWS Failing Endpoints  TPWS Total Endpoints  
-----             -------      -------  ---------------------  -------------------      -------      -------  ---------------------  -------------------     --------     --------  ----------------------  --------------------  
sys_clk_pin         3.787        0.000                      0                 7947        0.044        0.000                      0                 7947        4.020        0.000                       0                  3611  


------------------------------------------------------------------------------------------------
| Inter Clock Table
| -----------------
------------------------------------------------------------------------------------------------

From Clock    To Clock          WNS(ns)      TNS(ns)  TNS Failing Endpoints  TNS Total Endpoints      WHS(ns)      THS(ns)  THS Failing Endpoints  THS Total Endpoints  
----------    --------          -------      -------  ---------------------  -------------------      -------      -------  ---------------------  -------------------  


------------------------------------------------------------------------------------------------
| Other Path Groups Table
| -----------------------
------------------------------------------------------------------------------------------------

Path Group         From Clock         To Clock               WNS(ns)      TNS(ns)  TNS Failing Endpoints  TNS Total Endpoints      WHS(ns)      THS(ns)  THS Failing Endpoints  THS Total Endpoints  
----------         ----------         --------               -------      -------  ---------------------  -------------------      -------      -------  ---------------------  -------------------  
**async_default**  sys_clk_pin        sys_clk_pin              4.141        0.000                      0                  102        1.040        0.000                      0                  102  


------------------------------------------------------------------------------------------------
| User Ignored Path Table
| -----------------------
------------------------------------------------------------------------------------------------

Path Group    From Clock    To Clock    
----------    ----------    --------    


------------------------------------------------------------------------------------------------
| Unconstrained Path Table
| ------------------------
------------------------------------------------------------------------------------------------

Path Group    From Clock    To Clock    
----------    ----------    --------    
(none)                                    
(none)        sys_clk_pin                 
(none)                      sys_clk_pin   


------------------------------------------------------------------------------------------------
| Timing Details
| --------------
------------------------------------------------------------------------------------------------


---------------------------------------------------------------------------------------------------
From Clock:  sys_clk_pin
  To Clock:  sys_clk_pin

Setup :            0  Failing Endpoints,  Worst Slack        3.787ns,  Total Violation        0.000ns
Hold  :            0  Failing Endpoints,  Worst Slack        0.044ns,  Total Violation        0.000ns
PW    :            0  Failing Endpoints,  Worst Slack        4.020ns,  Total Violation        0.000ns
---------------------------------------------------------------------------------------------------


Max Delay Paths
--------------------------------------------------------------------------------------
Slack (MET) :             3.787ns  (required time - arrival time)
  Source:                 por_done_reg/C
                            (rising edge-triggered cell FDRE clocked by sys_clk_pin  {rise@0.000ns fall@5.000ns period=10.000ns})
  Destination:            u_fifo/u_fifo/U0/inst_fifo_gen/gconvfifo.rf/grf.rf/gntv_or_sync_fifo.mem/gbm.gbmg.gbmga.ngecc.bmg/inst_blk_mem_gen/gnbram.gnativebmg.native_blk_mem_gen/valid.cstr/ramloop[0].ram.r/prim_noinit.ram/DEVICE_7SERIES.NO_BMM_INFO.SDP.SIMPLE_PRIM36.ram/ENBWREN
                            (rising edge-triggered cell RAMB36E1 clocked by sys_clk_pin  {rise@0.000ns fall@5.000ns period=10.000ns})
  Path Group:             sys_clk_pin
  Path Type:              Setup (Max at Slow Process Corner)
  Requirement:            10.000ns  (sys_clk_pin rise@10.000ns - sys_clk_pin rise@0.000ns)
  Data Path Delay:        5.740ns  (logic 0.704ns (12.265%)  route 5.036ns (87.735%))
  Logic Levels:           2  (LUT2=1 LUT5=1)
  Clock Path Skew:        0.005ns (DCD - SCD + CPR)
    Destination Clock Delay (DCD):    5.147ns = ( 15.147 - 10.000 ) 
    Source Clock Delay      (SCD):    5.329ns
    Clock Pessimism Removal (CPR):    0.187ns
  Clock Uncertainty:      0.035ns  ((TSJ^2 + TIJ^2)^1/2 + DJ) / 2 + PE
    Total System Jitter     (TSJ):    0.071ns
    Total Input Jitter      (TIJ):    0.000ns
    Discrete Jitter          (DJ):    0.000ns
    Phase Error              (PE):    0.000ns

    Location             Delay type                Incr(ns)  Path(ns)    Netlist Resource(s)
  -------------------------------------------------------------------    -------------------
                         (clock sys_clk_pin rise edge)
                                                      0.000     0.000 r  
    E3                                                0.000     0.000 r  clk (IN)
                         net (fo=0)                   0.000     0.000    clk
    E3                   IBUF (Prop_ibuf_I_O)         1.482     1.482 r  clk_IBUF_inst/O
                         net (fo=1, routed)           2.025     3.506    clk_IBUF
    BUFGCTRL_X0Y16       BUFG (Prop_bufg_I_O)         0.096     3.602 r  clk_IBUF_BUFG_inst/O
                         net (fo=3610, routed)        1.726     5.329    clk_IBUF_BUFG
    SLICE_X0Y97          FDRE                                         r  por_done_reg/C
  -------------------------------------------------------------------    -------------------
    SLICE_X0Y97          FDRE (Prop_fdre_C_Q)         0.456     5.785 f  por_done_reg/Q
                         net (fo=5, routed)           0.534     6.319    u_ser/led_OBUF[0]
    SLICE_X0Y97          LUT2 (Prop_lut2_I1_O)        0.124     6.443 r  u_ser/FSM_onehot_state[3]_i_2/O
                         net (fo=193, routed)         3.710    10.152    top/fifo_sync/fifo_generator_0/<hidden>/<hidden>/<hidden>/<hidden>/<hidden>/<hidden>
    SLICE_X7Y25          LUT5 (Prop_lut5_I4_O)        0.124    10.276 r  top/fifo_sync/fifo_generator_0/<hidden>/<hidden>/<hidden>/<hidden>/<hidden>/<hidden>
                         net (fo=2, routed)           0.792    11.068    u_fifo/u_fifo/U0/inst_fifo_gen/gconvfifo.rf/grf.rf/gntv_or_sync_fifo.mem/gbm.gbmg.gbmga.ngecc.bmg/inst_blk_mem_gen/gnbram.gnativebmg.native_blk_mem_gen/valid.cstr/ramloop[0].ram.r/prim_noinit.ram/enb
    RAMB36_X0Y6          RAMB36E1                                     r  u_fifo/u_fifo/U0/inst_fifo_gen/gconvfifo.rf/grf.rf/gntv_or_sync_fifo.mem/gbm.gbmg.gbmga.ngecc.bmg/inst_blk_mem_gen/gnbram.gnativebmg.native_blk_mem_gen/valid.cstr/ramloop[0].ram.r/prim_noinit.ram/DEVICE_7SERIES.NO_BMM_INFO.SDP.SIMPLE_PRIM36.ram/ENBWREN
  -------------------------------------------------------------------    -------------------

                         (clock sys_clk_pin rise edge)
                                                     10.000    10.000 r  
    E3                                                0.000    10.000 r  clk (IN)
                         net (fo=0)                   0.000    10.000    clk
    E3                   IBUF (Prop_ibuf_I_O)         1.411    11.411 r  clk_IBUF_inst/O
                         net (fo=1, routed)           1.920    13.331    clk_IBUF
    BUFGCTRL_X0Y16       BUFG (Prop_bufg_I_O)         0.091    13.422 r  clk_IBUF_BUFG_inst/O
                         net (fo=3610, routed)        1.724    15.147    u_fifo/u_fifo/U0/inst_fifo_gen/gconvfifo.rf/grf.rf/gntv_or_sync_fifo.mem/gbm.gbmg.gbmga.ngecc.bmg/inst_blk_mem_gen/gnbram.gnativebmg.native_blk_mem_gen/valid.cstr/ramloop[0].ram.r/prim_noinit.ram/clka
    RAMB36_X0Y6          RAMB36E1                                     r  u_fifo/u_fifo/U0/inst_fifo_gen/gconvfifo.rf/grf.rf/gntv_or_sync_fifo.mem/gbm.gbmg.gbmga.ngecc.bmg/inst_blk_mem_gen/gnbram.gnativebmg.native_blk_mem_gen/valid.cstr/ramloop[0].ram.r/prim_noinit.ram/DEVICE_7SERIES.NO_BMM_INFO.SDP.SIMPLE_PRIM36.ram/CLKBWRCLK
                         clock pessimism              0.187    15.334    
                         clock uncertainty           -0.035    15.298    
    RAMB36_X0Y6          RAMB36E1 (Setup_ramb36e1_CLKBWRCLK_ENBWREN)
                                                     -0.443    14.855    u_fifo/u_fifo/U0/inst_fifo_gen/gconvfifo.rf/grf.rf/gntv_or_sync_fifo.mem/gbm.gbmg.gbmga.ngecc.bmg/inst_blk_mem_gen/gnbram.gnativebmg.native_blk_mem_gen/valid.cstr/ramloop[0].ram.r/prim_noinit.ram/DEVICE_7SERIES.NO_BMM_INFO.SDP.SIMPLE_PRIM36.ram
  -------------------------------------------------------------------
                         required time                         14.855    
                         arrival time                         -11.068    
  -------------------------------------------------------------------
                         slack                                  3.787    

Slack (MET) :             3.840ns  (required time - arrival time)
  Source:                 por_done_reg/C
                            (rising edge-triggered cell FDRE clocked by sys_clk_pin  {rise@0.000ns fall@5.000ns period=10.000ns})
  Destination:            u_fifo/u_fifo/U0/inst_fifo_gen/gconvfifo.rf/grf.rf/gntv_or_sync_fifo.mem/gbm.gbmg.gbmga.ngecc.bmg/inst_blk_mem_gen/gnbram.gnativebmg.native_blk_mem_gen/valid.cstr/ramloop[1].ram.r/prim_noinit.ram/DEVICE_7SERIES.NO_BMM_INFO.SDP.SIMPLE_PRIM36.ram/ENBWREN
                            (rising edge-triggered cell RAMB36E1 clocked by sys_clk_pin  {rise@0.000ns fall@5.000ns period=10.000ns})
  Path Group:             sys_clk_pin
  Path Type:              Setup (Max at Slow Process Corner)
  Requirement:            10.000ns  (sys_clk_pin rise@10.000ns - sys_clk_pin rise@0.000ns)
  Data Path Delay:        5.682ns  (logic 0.704ns (12.390%)  route 4.978ns (87.610%))
  Logic Levels:           2  (LUT2=1 LUT5=1)
  Clock Path Skew:        0.000ns (DCD - SCD + CPR)
    Destination Clock Delay (DCD):    5.142ns = ( 15.142 - 10.000 ) 
    Source Clock Delay      (SCD):    5.329ns
    Clock Pessimism Removal (CPR):    0.187ns
  Clock Uncertainty:      0.035ns  ((TSJ^2 + TIJ^2)^1/2 + DJ) / 2 + PE
    Total System Jitter     (TSJ):    0.071ns
    Total Input Jitter      (TIJ):    0.000ns
    Discrete Jitter          (DJ):    0.000ns
    Phase Error              (PE):    0.000ns

    Location             Delay type                Incr(ns)  Path(ns)    Netlist Resource(s)
  -------------------------------------------------------------------    -------------------
                         (clock sys_clk_pin rise edge)
                                                      0.000     0.000 r  
    E3                                                0.000     0.000 r  clk (IN)
                         net (fo=0)                   0.000     0.000    clk
    E3                   IBUF (Prop_ibuf_I_O)         1.482     1.482 r  clk_IBUF_inst/O
                         net (fo=1, routed)           2.025     3.506    clk_IBUF
    BUFGCTRL_X0Y16       BUFG (Prop_bufg_I_O)         0.096     3.602 r  clk_IBUF_BUFG_inst/O
                         net (fo=3610, routed)        1.726     5.329    clk_IBUF_BUFG
    SLICE_X0Y97          FDRE                                         r  por_done_reg/C
  -------------------------------------------------------------------    -------------------
    SLICE_X0Y97          FDRE (Prop_fdre_C_Q)         0.456     5.785 f  por_done_reg/Q
                         net (fo=5, routed)           0.534     6.319    u_ser/led_OBUF[0]
    SLICE_X0Y97          LUT2 (Prop_lut2_I1_O)        0.124     6.443 r  u_ser/FSM_onehot_state[3]_i_2/O
                         net (fo=193, routed)         3.710    10.152    top/fifo_sync/fifo_generator_0/<hidden>/<hidden>/<hidden>/<hidden>/<hidden>/<hidden>
    SLICE_X7Y25          LUT5 (Prop_lut5_I4_O)        0.124    10.276 r  top/fifo_sync/fifo_generator_0/<hidden>/<hidden>/<hidden>/<hidden>/<hidden>/<hidden>
                         net (fo=2, routed)           0.735    11.011    u_fifo/u_fifo/U0/inst_fifo_gen/gconvfifo.rf/grf.rf/gntv_or_sync_fifo.mem/gbm.gbmg.gbmga.ngecc.bmg/inst_blk_mem_gen/gnbram.gnativebmg.native_blk_mem_gen/valid.cstr/ramloop[1].ram.r/prim_noinit.ram/enb
    RAMB36_X0Y5          RAMB36E1                                     r  u_fifo/u_fifo/U0/inst_fifo_gen/gconvfifo.rf/grf.rf/gntv_or_sync_fifo.mem/gbm.gbmg.gbmga.ngecc.bmg/inst_blk_mem_gen/gnbram.gnativebmg.native_blk_mem_gen/valid.cstr/ramloop[1].ram.r/prim_noinit.ram/DEVICE_7SERIES.NO_BMM_INFO.SDP.SIMPLE_PRIM36.ram/ENBWREN
  -------------------------------------------------------------------    -------------------

                         (clock sys_clk_pin rise edge)
                                                     10.000    10.000 r  
    E3                                                0.000    10.000 r  clk (IN)
                         net (fo=0)                   0.000    10.000    clk
    E3                   IBUF (Prop_ibuf_I_O)         1.411    11.411 r  clk_IBUF_inst/O
                         net (fo=1, routed)           1.920    13.331    clk_IBUF
    BUFGCTRL_X0Y16       BUFG (Prop_bufg_I_O)         0.091    13.422 r  clk_IBUF_BUFG_inst/O
                         net (fo=3610, routed)        1.719    15.142    u_fifo/u_fifo/U0/inst_fifo_gen/gconvfifo.rf/grf.rf/gntv_or_sync_fifo.mem/gbm.gbmg.gbmga.ngecc.bmg/inst_blk_mem_gen/gnbram.gnativebmg.native_blk_mem_gen/valid.cstr/ramloop[1].ram.r/prim_noinit.ram/clka
    RAMB36_X0Y5          RAMB36E1                                     r  u_fifo/u_fifo/U0/inst_fifo_gen/gconvfifo.rf/grf.rf/gntv_or_sync_fifo.mem/gbm.gbmg.gbmga.ngecc.bmg/inst_blk_mem_gen/gnbram.gnativebmg.native_blk_mem_gen/valid.cstr/ramloop[1].ram.r/prim_noinit.ram/DEVICE_7SERIES.NO_BMM_INFO.SDP.SIMPLE_PRIM36.ram/CLKBWRCLK
                         clock pessimism              0.187    15.329    
                         clock uncertainty           -0.035    15.293    
    RAMB36_X0Y5          RAMB36E1 (Setup_ramb36e1_CLKBWRCLK_ENBWREN)
                                                     -0.443    14.850    u_fifo/u_fifo/U0/inst_fifo_gen/gconvfifo.rf/grf.rf/gntv_or_sync_fifo.mem/gbm.gbmg.gbmga.ngecc.bmg/inst_blk_mem_gen/gnbram.gnativebmg.native_blk_mem_gen/valid.cstr/ramloop[1].ram.r/prim_noinit.ram/DEVICE_7SERIES.NO_BMM_INFO.SDP.SIMPLE_PRIM36.ram
  -------------------------------------------------------------------
                         required time                         14.850    
                         arrival time                         -11.011    
  -------------------------------------------------------------------
                         slack                                  3.840    

Slack (MET) :             3.930ns  (required time - arrival time)
  Source:                 por_done_reg/C
                            (rising edge-triggered cell FDRE clocked by sys_clk_pin  {rise@0.000ns fall@5.000ns period=10.000ns})
  Destination:            top/fifo_sync/fifo_generator_0/<hidden>/<hidden>/<hidden>/<hidden>/<hidden>/<hidden>
                            (rising edge-triggered cell FDSE clocked by sys_clk_pin  {rise@0.000ns fall@5.000ns period=10.000ns})
  Path Group:             sys_clk_pin
  Path Type:              Setup (Max at Slow Process Corner)
  Requirement:            10.000ns  (sys_clk_pin rise@10.000ns - sys_clk_pin rise@0.000ns)
  Data Path Delay:        5.640ns  (logic 0.580ns (10.284%)  route 5.060ns (89.716%))
  Logic Levels:           1  (LUT2=1)
  Clock Path Skew:        0.034ns (DCD - SCD + CPR)
    Destination Clock Delay (DCD):    5.175ns = ( 15.175 - 10.000 ) 
    Source Clock Delay      (SCD):    5.329ns
    Clock Pessimism Removal (CPR):    0.187ns
  Clock Uncertainty:      0.035ns  ((TSJ^2 + TIJ^2)^1/2 + DJ) / 2 + PE
    Total System Jitter     (TSJ):    0.071ns
    Total Input Jitter      (TIJ):    0.000ns
    Discrete Jitter          (DJ):    0.000ns
    Phase Error              (PE):    0.000ns

    Location             Delay type                Incr(ns)  Path(ns)    Netlist Resource(s)
  -------------------------------------------------------------------    -------------------
                         (clock sys_clk_pin rise edge)
                                                      0.000     0.000 r  
    E3                                                0.000     0.000 r  clk (IN)
                         net (fo=0)                   0.000     0.000    clk
    E3                   IBUF (Prop_ibuf_I_O)         1.482     1.482 r  clk_IBUF_inst/O
                         net (fo=1, routed)           2.025     3.506    clk_IBUF
    BUFGCTRL_X0Y16       BUFG (Prop_bufg_I_O)         0.096     3.602 r  clk_IBUF_BUFG_inst/O
                         net (fo=3610, routed)        1.726     5.329    clk_IBUF_BUFG
    SLICE_X0Y97          FDRE                                         r  por_done_reg/C
  -------------------------------------------------------------------    -------------------
    SLICE_X0Y97          FDRE (Prop_fdre_C_Q)         0.456     5.785 f  por_done_reg/Q
                         net (fo=5, routed)           0.534     6.319    u_ser/led_OBUF[0]
    SLICE_X0Y97          LUT2 (Prop_lut2_I1_O)        0.124     6.443 r  u_ser/FSM_onehot_state[3]_i_2/O
                         net (fo=193, routed)         4.526    10.968    top/fifo_sync/fifo_generator_0/<hidden>/<hidden>/<hidden>/<hidden>/<hidden>/<hidden>
    SLICE_X7Y25          FDSE                                         r  top/fifo_sync/fifo_generator_0/<hidden>/<hidden>/<hidden>/<hidden>/<hidden>/<hidden>
  -------------------------------------------------------------------    -------------------

                         (clock sys_clk_pin rise edge)
                                                     10.000    10.000 r  
    E3                                                0.000    10.000 r  clk (IN)
                         net (fo=0)                   0.000    10.000    clk
    E3                   IBUF (Prop_ibuf_I_O)         1.411    11.411 r  clk_IBUF_inst/O
                         net (fo=1, routed)           1.920    13.331    clk_IBUF
    BUFGCTRL_X0Y16       BUFG (Prop_bufg_I_O)         0.091    13.422 r  clk_IBUF_BUFG_inst/O
                         net (fo=3610, routed)        1.753    15.175    top/fifo_sync/fifo_generator_0/<hidden>/<hidden>/<hidden>/<hidden>/<hidden>/<hidden>
    SLICE_X7Y25          FDSE                                         r  top/fifo_sync/fifo_generator_0/<hidden>/<hidden>/<hidden>/<hidden>/<hidden>/<hidden>
                         clock pessimism              0.187    15.362    
                         clock uncertainty           -0.035    15.327    
    SLICE_X7Y25          FDSE (Setup_fdse_C_S)       -0.429    14.898    top/fifo_sync/fifo_generator_0/<hidden>/<hidden>/<hidden>/<hidden>/<hidden>/<hidden>
  -------------------------------------------------------------------
                         required time                         14.898    
                         arrival time                         -10.968    
  -------------------------------------------------------------------
                         slack                                  3.930    

Slack (MET) :             3.930ns  (required time - arrival time)
  Source:                 por_done_reg/C
                            (rising edge-triggered cell FDRE clocked by sys_clk_pin  {rise@0.000ns fall@5.000ns period=10.000ns})
  Destination:            top/fifo_sync/fifo_generator_0/<hidden>/<hidden>/<hidden>/<hidden>/<hidden>/<hidden>
                            (rising edge-triggered cell FDRE clocked by sys_clk_pin  {rise@0.000ns fall@5.000ns period=10.000ns})
  Path Group:             sys_clk_pin
  Path Type:              Setup (Max at Slow Process Corner)
  Requirement:            10.000ns  (sys_clk_pin rise@10.000ns - sys_clk_pin rise@0.000ns)
  Data Path Delay:        5.640ns  (logic 0.580ns (10.284%)  route 5.060ns (89.716%))
  Logic Levels:           1  (LUT2=1)
  Clock Path Skew:        0.034ns (DCD - SCD + CPR)
    Destination Clock Delay (DCD):    5.175ns = ( 15.175 - 10.000 ) 
    Source Clock Delay      (SCD):    5.329ns
    Clock Pessimism Removal (CPR):    0.187ns
  Clock Uncertainty:      0.035ns  ((TSJ^2 + TIJ^2)^1/2 + DJ) / 2 + PE
    Total System Jitter     (TSJ):    0.071ns
    Total Input Jitter      (TIJ):    0.000ns
    Discrete Jitter          (DJ):    0.000ns
    Phase Error              (PE):    0.000ns

    Location             Delay type                Incr(ns)  Path(ns)    Netlist Resource(s)
  -------------------------------------------------------------------    -------------------
                         (clock sys_clk_pin rise edge)
                                                      0.000     0.000 r  
    E3                                                0.000     0.000 r  clk (IN)
                         net (fo=0)                   0.000     0.000    clk
    E3                   IBUF (Prop_ibuf_I_O)         1.482     1.482 r  clk_IBUF_inst/O
                         net (fo=1, routed)           2.025     3.506    clk_IBUF
    BUFGCTRL_X0Y16       BUFG (Prop_bufg_I_O)         0.096     3.602 r  clk_IBUF_BUFG_inst/O
                         net (fo=3610, routed)        1.726     5.329    clk_IBUF_BUFG
    SLICE_X0Y97          FDRE                                         r  por_done_reg/C
  -------------------------------------------------------------------    -------------------
    SLICE_X0Y97          FDRE (Prop_fdre_C_Q)         0.456     5.785 f  por_done_reg/Q
                         net (fo=5, routed)           0.534     6.319    u_ser/led_OBUF[0]
    SLICE_X0Y97          LUT2 (Prop_lut2_I1_O)        0.124     6.443 r  u_ser/FSM_onehot_state[3]_i_2/O
                         net (fo=193, routed)         4.526    10.968    top/fifo_sync/fifo_generator_0/<hidden>/<hidden>/<hidden>/<hidden>/<hidden>/<hidden>
    SLICE_X7Y25          FDRE                                         r  top/fifo_sync/fifo_generator_0/<hidden>/<hidden>/<hidden>/<hidden>/<hidden>/<hidden>
  -------------------------------------------------------------------    -------------------

                         (clock sys_clk_pin rise edge)
                                                     10.000    10.000 r  
    E3                                                0.000    10.000 r  clk (IN)
                         net (fo=0)                   0.000    10.000    clk
    E3                   IBUF (Prop_ibuf_I_O)         1.411    11.411 r  clk_IBUF_inst/O
                         net (fo=1, routed)           1.920    13.331    clk_IBUF
    BUFGCTRL_X0Y16       BUFG (Prop_bufg_I_O)         0.091    13.422 r  clk_IBUF_BUFG_inst/O
                         net (fo=3610, routed)        1.753    15.175    top/fifo_sync/fifo_generator_0/<hidden>/<hidden>/<hidden>/<hidden>/<hidden>/<hidden>
    SLICE_X7Y25          FDRE                                         r  top/fifo_sync/fifo_generator_0/<hidden>/<hidden>/<hidden>/<hidden>/<hidden>/<hidden>
                         clock pessimism              0.187    15.362    
                         clock uncertainty           -0.035    15.327    
    SLICE_X7Y25          FDRE (Setup_fdre_C_R)       -0.429    14.898    top/fifo_sync/fifo_generator_0/<hidden>/<hidden>/<hidden>/<hidden>/<hidden>/<hidden>
  -------------------------------------------------------------------
                         required time                         14.898    
                         arrival time                         -10.968    
  -------------------------------------------------------------------
                         slack                                  3.930    

Slack (MET) :             3.930ns  (required time - arrival time)
  Source:                 por_done_reg/C
                            (rising edge-triggered cell FDRE clocked by sys_clk_pin  {rise@0.000ns fall@5.000ns period=10.000ns})
  Destination:            top/fifo_sync/fifo_generator_0/<hidden>/<hidden>/<hidden>/<hidden>/<hidden>/<hidden>
                            (rising edge-triggered cell FDRE clocked by sys_clk_pin  {rise@0.000ns fall@5.000ns period=10.000ns})
  Path Group:             sys_clk_pin
  Path Type:              Setup (Max at Slow Process Corner)
  Requirement:            10.000ns  (sys_clk_pin rise@10.000ns - sys_clk_pin rise@0.000ns)
  Data Path Delay:        5.640ns  (logic 0.580ns (10.284%)  route 5.060ns (89.716%))
  Logic Levels:           1  (LUT2=1)
  Clock Path Skew:        0.034ns (DCD - SCD + CPR)
    Destination Clock Delay (DCD):    5.175ns = ( 15.175 - 10.000 ) 
    Source Clock Delay      (SCD):    5.329ns
    Clock Pessimism Removal (CPR):    0.187ns
  Clock Uncertainty:      0.035ns  ((TSJ^2 + TIJ^2)^1/2 + DJ) / 2 + PE
    Total System Jitter     (TSJ):    0.071ns
    Total Input Jitter      (TIJ):    0.000ns
    Discrete Jitter          (DJ):    0.000ns
    Phase Error              (PE):    0.000ns

    Location             Delay type                Incr(ns)  Path(ns)    Netlist Resource(s)
  -------------------------------------------------------------------    -------------------
                         (clock sys_clk_pin rise edge)
                                                      0.000     0.000 r  
    E3                                                0.000     0.000 r  clk (IN)
                         net (fo=0)                   0.000     0.000    clk
    E3                   IBUF (Prop_ibuf_I_O)         1.482     1.482 r  clk_IBUF_inst/O
                         net (fo=1, routed)           2.025     3.506    clk_IBUF
    BUFGCTRL_X0Y16       BUFG (Prop_bufg_I_O)         0.096     3.602 r  clk_IBUF_BUFG_inst/O
                         net (fo=3610, routed)        1.726     5.329    clk_IBUF_BUFG
    SLICE_X0Y97          FDRE                                         r  por_done_reg/C
  -------------------------------------------------------------------    -------------------
    SLICE_X0Y97          FDRE (Prop_fdre_C_Q)         0.456     5.785 f  por_done_reg/Q
                         net (fo=5, routed)           0.534     6.319    u_ser/led_OBUF[0]
    SLICE_X0Y97          LUT2 (Prop_lut2_I1_O)        0.124     6.443 r  u_ser/FSM_onehot_state[3]_i_2/O
                         net (fo=193, routed)         4.526    10.968    top/fifo_sync/fifo_generator_0/<hidden>/<hidden>/<hidden>/<hidden>/<hidden>/<hidden>
    SLICE_X7Y25          FDRE                                         r  top/fifo_sync/fifo_generator_0/<hidden>/<hidden>/<hidden>/<hidden>/<hidden>/<hidden>
  -------------------------------------------------------------------    -------------------

                         (clock sys_clk_pin rise edge)
                                                     10.000    10.000 r  
    E3                                                0.000    10.000 r  clk (IN)
                         net (fo=0)                   0.000    10.000    clk
    E3                   IBUF (Prop_ibuf_I_O)         1.411    11.411 r  clk_IBUF_inst/O
                         net (fo=1, routed)           1.920    13.331    clk_IBUF
    BUFGCTRL_X0Y16       BUFG (Prop_bufg_I_O)         0.091    13.422 r  clk_IBUF_BUFG_inst/O
                         net (fo=3610, routed)        1.753    15.175    top/fifo_sync/fifo_generator_0/<hidden>/<hidden>/<hidden>/<hidden>/<hidden>/<hidden>
    SLICE_X7Y25          FDRE                                         r  top/fifo_sync/fifo_generator_0/<hidden>/<hidden>/<hidden>/<hidden>/<hidden>/<hidden>
                         clock pessimism              0.187    15.362    
                         clock uncertainty           -0.035    15.327    
    SLICE_X7Y25          FDRE (Setup_fdre_C_R)       -0.429    14.898    top/fifo_sync/fifo_generator_0/<hidden>/<hidden>/<hidden>/<hidden>/<hidden>/<hidden>
  -------------------------------------------------------------------
                         required time                         14.898    
                         arrival time                         -10.968    
  -------------------------------------------------------------------
                         slack                                  3.930    

Slack (MET) :             3.930ns  (required time - arrival time)
  Source:                 por_done_reg/C
                            (rising edge-triggered cell FDRE clocked by sys_clk_pin  {rise@0.000ns fall@5.000ns period=10.000ns})
  Destination:            top/fifo_sync/fifo_generator_0/<hidden>/<hidden>/<hidden>/<hidden>/<hidden>/<hidden>
                            (rising edge-triggered cell FDRE clocked by sys_clk_pin  {rise@0.000ns fall@5.000ns period=10.000ns})
  Path Group:             sys_clk_pin
  Path Type:              Setup (Max at Slow Process Corner)
  Requirement:            10.000ns  (sys_clk_pin rise@10.000ns - sys_clk_pin rise@0.000ns)
  Data Path Delay:        5.640ns  (logic 0.580ns (10.284%)  route 5.060ns (89.716%))
  Logic Levels:           1  (LUT2=1)
  Clock Path Skew:        0.034ns (DCD - SCD + CPR)
    Destination Clock Delay (DCD):    5.175ns = ( 15.175 - 10.000 ) 
    Source Clock Delay      (SCD):    5.329ns
    Clock Pessimism Removal (CPR):    0.187ns
  Clock Uncertainty:      0.035ns  ((TSJ^2 + TIJ^2)^1/2 + DJ) / 2 + PE
    Total System Jitter     (TSJ):    0.071ns
    Total Input Jitter      (TIJ):    0.000ns
    Discrete Jitter          (DJ):    0.000ns
    Phase Error              (PE):    0.000ns

    Location             Delay type                Incr(ns)  Path(ns)    Netlist Resource(s)
  -------------------------------------------------------------------    -------------------
                         (clock sys_clk_pin rise edge)
                                                      0.000     0.000 r  
    E3                                                0.000     0.000 r  clk (IN)
                         net (fo=0)                   0.000     0.000    clk
    E3                   IBUF (Prop_ibuf_I_O)         1.482     1.482 r  clk_IBUF_inst/O
                         net (fo=1, routed)           2.025     3.506    clk_IBUF
    BUFGCTRL_X0Y16       BUFG (Prop_bufg_I_O)         0.096     3.602 r  clk_IBUF_BUFG_inst/O
                         net (fo=3610, routed)        1.726     5.329    clk_IBUF_BUFG
    SLICE_X0Y97          FDRE                                         r  por_done_reg/C
  -------------------------------------------------------------------    -------------------
    SLICE_X0Y97          FDRE (Prop_fdre_C_Q)         0.456     5.785 f  por_done_reg/Q
                         net (fo=5, routed)           0.534     6.319    u_ser/led_OBUF[0]
    SLICE_X0Y97          LUT2 (Prop_lut2_I1_O)        0.124     6.443 r  u_ser/FSM_onehot_state[3]_i_2/O
                         net (fo=193, routed)         4.526    10.968    top/fifo_sync/fifo_generator_0/<hidden>/<hidden>/<hidden>/<hidden>/<hidden>/<hidden>
    SLICE_X7Y25          FDRE                                         r  top/fifo_sync/fifo_generator_0/<hidden>/<hidden>/<hidden>/<hidden>/<hidden>/<hidden>
  -------------------------------------------------------------------    -------------------

                         (clock sys_clk_pin rise edge)
                                                     10.000    10.000 r  
    E3                                                0.000    10.000 r  clk (IN)
                         net (fo=0)                   0.000    10.000    clk
    E3                   IBUF (Prop_ibuf_I_O)         1.411    11.411 r  clk_IBUF_inst/O
                         net (fo=1, routed)           1.920    13.331    clk_IBUF
    BUFGCTRL_X0Y16       BUFG (Prop_bufg_I_O)         0.091    13.422 r  clk_IBUF_BUFG_inst/O
                         net (fo=3610, routed)        1.753    15.175    top/fifo_sync/fifo_generator_0/<hidden>/<hidden>/<hidden>/<hidden>/<hidden>/<hidden>
    SLICE_X7Y25          FDRE                                         r  top/fifo_sync/fifo_generator_0/<hidden>/<hidden>/<hidden>/<hidden>/<hidden>/<hidden>
                         clock pessimism              0.187    15.362    
                         clock uncertainty           -0.035    15.327    
    SLICE_X7Y25          FDRE (Setup_fdre_C_R)       -0.429    14.898    top/fifo_sync/fifo_generator_0/<hidden>/<hidden>/<hidden>/<hidden>/<hidden>/<hidden>
  -------------------------------------------------------------------
                         required time                         14.898    
                         arrival time                         -10.968    
  -------------------------------------------------------------------
                         slack                                  3.930    

Slack (MET) :             3.930ns  (required time - arrival time)
  Source:                 por_done_reg/C
                            (rising edge-triggered cell FDRE clocked by sys_clk_pin  {rise@0.000ns fall@5.000ns period=10.000ns})
  Destination:            top/fifo_sync/fifo_generator_0/<hidden>/<hidden>/<hidden>/<hidden>/<hidden>/<hidden>
                            (rising edge-triggered cell FDSE clocked by sys_clk_pin  {rise@0.000ns fall@5.000ns period=10.000ns})
  Path Group:             sys_clk_pin
  Path Type:              Setup (Max at Slow Process Corner)
  Requirement:            10.000ns  (sys_clk_pin rise@10.000ns - sys_clk_pin rise@0.000ns)
  Data Path Delay:        5.640ns  (logic 0.580ns (10.284%)  route 5.060ns (89.716%))
  Logic Levels:           1  (LUT2=1)
  Clock Path Skew:        0.034ns (DCD - SCD + CPR)
    Destination Clock Delay (DCD):    5.175ns = ( 15.175 - 10.000 ) 
    Source Clock Delay      (SCD):    5.329ns
    Clock Pessimism Removal (CPR):    0.187ns
  Clock Uncertainty:      0.035ns  ((TSJ^2 + TIJ^2)^1/2 + DJ) / 2 + PE
    Total System Jitter     (TSJ):    0.071ns
    Total Input Jitter      (TIJ):    0.000ns
    Discrete Jitter          (DJ):    0.000ns
    Phase Error              (PE):    0.000ns

    Location             Delay type                Incr(ns)  Path(ns)    Netlist Resource(s)
  -------------------------------------------------------------------    -------------------
                         (clock sys_clk_pin rise edge)
                                                      0.000     0.000 r  
    E3                                                0.000     0.000 r  clk (IN)
                         net (fo=0)                   0.000     0.000    clk
    E3                   IBUF (Prop_ibuf_I_O)         1.482     1.482 r  clk_IBUF_inst/O
                         net (fo=1, routed)           2.025     3.506    clk_IBUF
    BUFGCTRL_X0Y16       BUFG (Prop_bufg_I_O)         0.096     3.602 r  clk_IBUF_BUFG_inst/O
                         net (fo=3610, routed)        1.726     5.329    clk_IBUF_BUFG
    SLICE_X0Y97          FDRE                                         r  por_done_reg/C
  -------------------------------------------------------------------    -------------------
    SLICE_X0Y97          FDRE (Prop_fdre_C_Q)         0.456     5.785 f  por_done_reg/Q
                         net (fo=5, routed)           0.534     6.319    u_ser/led_OBUF[0]
    SLICE_X0Y97          LUT2 (Prop_lut2_I1_O)        0.124     6.443 r  u_ser/FSM_onehot_state[3]_i_2/O
                         net (fo=193, routed)         4.526    10.968    top/fifo_sync/fifo_generator_0/<hidden>/<hidden>/<hidden>/<hidden>/<hidden>/<hidden>
    SLICE_X7Y25          FDSE                                         r  top/fifo_sync/fifo_generator_0/<hidden>/<hidden>/<hidden>/<hidden>/<hidden>/<hidden>
  -------------------------------------------------------------------    -------------------

                         (clock sys_clk_pin rise edge)
                                                     10.000    10.000 r  
    E3                                                0.000    10.000 r  clk (IN)
                         net (fo=0)                   0.000    10.000    clk
    E3                   IBUF (Prop_ibuf_I_O)         1.411    11.411 r  clk_IBUF_inst/O
                         net (fo=1, routed)           1.920    13.331    clk_IBUF
    BUFGCTRL_X0Y16       BUFG (Prop_bufg_I_O)         0.091    13.422 r  clk_IBUF_BUFG_inst/O
                         net (fo=3610, routed)        1.753    15.175    top/fifo_sync/fifo_generator_0/<hidden>/<hidden>/<hidden>/<hidden>/<hidden>/<hidden>
    SLICE_X7Y25          FDSE                                         r  top/fifo_sync/fifo_generator_0/<hidden>/<hidden>/<hidden>/<hidden>/<hidden>/<hidden>
                         clock pessimism              0.187    15.362    
                         clock uncertainty           -0.035    15.327    
    SLICE_X7Y25          FDSE (Setup_fdse_C_S)       -0.429    14.898    top/fifo_sync/fifo_generator_0/<hidden>/<hidden>/<hidden>/<hidden>/<hidden>/<hidden>
  -------------------------------------------------------------------
                         required time                         14.898    
                         arrival time                         -10.968    
  -------------------------------------------------------------------
                         slack                                  3.930    

Slack (MET) :             3.930ns  (required time - arrival time)
  Source:                 por_done_reg/C
                            (rising edge-triggered cell FDRE clocked by sys_clk_pin  {rise@0.000ns fall@5.000ns period=10.000ns})
  Destination:            top/fifo_sync/fifo_generator_0/<hidden>/<hidden>/<hidden>/<hidden>/<hidden>/<hidden>
                            (rising edge-triggered cell FDSE clocked by sys_clk_pin  {rise@0.000ns fall@5.000ns period=10.000ns})
  Path Group:             sys_clk_pin
  Path Type:              Setup (Max at Slow Process Corner)
  Requirement:            10.000ns  (sys_clk_pin rise@10.000ns - sys_clk_pin rise@0.000ns)
  Data Path Delay:        5.640ns  (logic 0.580ns (10.284%)  route 5.060ns (89.716%))
  Logic Levels:           1  (LUT2=1)
  Clock Path Skew:        0.034ns (DCD - SCD + CPR)
    Destination Clock Delay (DCD):    5.175ns = ( 15.175 - 10.000 ) 
    Source Clock Delay      (SCD):    5.329ns
    Clock Pessimism Removal (CPR):    0.187ns
  Clock Uncertainty:      0.035ns  ((TSJ^2 + TIJ^2)^1/2 + DJ) / 2 + PE
    Total System Jitter     (TSJ):    0.071ns
    Total Input Jitter      (TIJ):    0.000ns
    Discrete Jitter          (DJ):    0.000ns
    Phase Error              (PE):    0.000ns

    Location             Delay type                Incr(ns)  Path(ns)    Netlist Resource(s)
  -------------------------------------------------------------------    -------------------
                         (clock sys_clk_pin rise edge)
                                                      0.000     0.000 r  
    E3                                                0.000     0.000 r  clk (IN)
                         net (fo=0)                   0.000     0.000    clk
    E3                   IBUF (Prop_ibuf_I_O)         1.482     1.482 r  clk_IBUF_inst/O
                         net (fo=1, routed)           2.025     3.506    clk_IBUF
    BUFGCTRL_X0Y16       BUFG (Prop_bufg_I_O)         0.096     3.602 r  clk_IBUF_BUFG_inst/O
                         net (fo=3610, routed)        1.726     5.329    clk_IBUF_BUFG
    SLICE_X0Y97          FDRE                                         r  por_done_reg/C
  -------------------------------------------------------------------    -------------------
    SLICE_X0Y97          FDRE (Prop_fdre_C_Q)         0.456     5.785 f  por_done_reg/Q
                         net (fo=5, routed)           0.534     6.319    u_ser/led_OBUF[0]
    SLICE_X0Y97          LUT2 (Prop_lut2_I1_O)        0.124     6.443 r  u_ser/FSM_onehot_state[3]_i_2/O
                         net (fo=193, routed)         4.526    10.968    top/fifo_sync/fifo_generator_0/<hidden>/<hidden>/<hidden>/<hidden>/<hidden>/<hidden>
    SLICE_X7Y25          FDSE                                         r  top/fifo_sync/fifo_generator_0/<hidden>/<hidden>/<hidden>/<hidden>/<hidden>/<hidden>
  -------------------------------------------------------------------    -------------------

                         (clock sys_clk_pin rise edge)
                                                     10.000    10.000 r  
    E3                                                0.000    10.000 r  clk (IN)
                         net (fo=0)                   0.000    10.000    clk
    E3                   IBUF (Prop_ibuf_I_O)         1.411    11.411 r  clk_IBUF_inst/O
                         net (fo=1, routed)           1.920    13.331    clk_IBUF
    BUFGCTRL_X0Y16       BUFG (Prop_bufg_I_O)         0.091    13.422 r  clk_IBUF_BUFG_inst/O
                         net (fo=3610, routed)        1.753    15.175    top/fifo_sync/fifo_generator_0/<hidden>/<hidden>/<hidden>/<hidden>/<hidden>/<hidden>
    SLICE_X7Y25          FDSE                                         r  top/fifo_sync/fifo_generator_0/<hidden>/<hidden>/<hidden>/<hidden>/<hidden>/<hidden>
                         clock pessimism              0.187    15.362    
                         clock uncertainty           -0.035    15.327    
    SLICE_X7Y25          FDSE (Setup_fdse_C_S)       -0.429    14.898    top/fifo_sync/fifo_generator_0/<hidden>/<hidden>/<hidden>/<hidden>/<hidden>/<hidden>
  -------------------------------------------------------------------
                         required time                         14.898    
                         arrival time                         -10.968    
  -------------------------------------------------------------------
                         slack                                  3.930    

Slack (MET) :             4.139ns  (required time - arrival time)
  Source:                 por_done_reg/C
                            (rising edge-triggered cell FDRE clocked by sys_clk_pin  {rise@0.000ns fall@5.000ns period=10.000ns})
  Destination:            top/fifo_sync/fifo_generator_0/<hidden>/<hidden>/<hidden>/<hidden>/<hidden>/<hidden>
                            (rising edge-triggered cell FDRE clocked by sys_clk_pin  {rise@0.000ns fall@5.000ns period=10.000ns})
  Path Group:             sys_clk_pin
  Path Type:              Setup (Max at Slow Process Corner)
  Requirement:            10.000ns  (sys_clk_pin rise@10.000ns - sys_clk_pin rise@0.000ns)
  Data Path Delay:        5.430ns  (logic 0.580ns (10.681%)  route 4.850ns (89.319%))
  Logic Levels:           1  (LUT2=1)
  Clock Path Skew:        0.034ns (DCD - SCD + CPR)
    Destination Clock Delay (DCD):    5.175ns = ( 15.175 - 10.000 ) 
    Source Clock Delay      (SCD):    5.329ns
    Clock Pessimism Removal (CPR):    0.187ns
  Clock Uncertainty:      0.035ns  ((TSJ^2 + TIJ^2)^1/2 + DJ) / 2 + PE
    Total System Jitter     (TSJ):    0.071ns
    Total Input Jitter      (TIJ):    0.000ns
    Discrete Jitter          (DJ):    0.000ns
    Phase Error              (PE):    0.000ns

    Location             Delay type                Incr(ns)  Path(ns)    Netlist Resource(s)
  -------------------------------------------------------------------    -------------------
                         (clock sys_clk_pin rise edge)
                                                      0.000     0.000 r  
    E3                                                0.000     0.000 r  clk (IN)
                         net (fo=0)                   0.000     0.000    clk
    E3                   IBUF (Prop_ibuf_I_O)         1.482     1.482 r  clk_IBUF_inst/O
                         net (fo=1, routed)           2.025     3.506    clk_IBUF
    BUFGCTRL_X0Y16       BUFG (Prop_bufg_I_O)         0.096     3.602 r  clk_IBUF_BUFG_inst/O
                         net (fo=3610, routed)        1.726     5.329    clk_IBUF_BUFG
    SLICE_X0Y97          FDRE                                         r  por_done_reg/C
  -------------------------------------------------------------------    -------------------
    SLICE_X0Y97          FDRE (Prop_fdre_C_Q)         0.456     5.785 f  por_done_reg/Q
                         net (fo=5, routed)           0.534     6.319    u_ser/led_OBUF[0]
    SLICE_X0Y97          LUT2 (Prop_lut2_I1_O)        0.124     6.443 r  u_ser/FSM_onehot_state[3]_i_2/O
                         net (fo=193, routed)         4.316    10.759    top/fifo_sync/fifo_generator_0/<hidden>/<hidden>/<hidden>/<hidden>/<hidden>/<hidden>
    SLICE_X4Y24          FDRE                                         r  top/fifo_sync/fifo_generator_0/<hidden>/<hidden>/<hidden>/<hidden>/<hidden>/<hidden>
  -------------------------------------------------------------------    -------------------

                         (clock sys_clk_pin rise edge)
                                                     10.000    10.000 r  
    E3                                                0.000    10.000 r  clk (IN)
                         net (fo=0)                   0.000    10.000    clk
    E3                   IBUF (Prop_ibuf_I_O)         1.411    11.411 r  clk_IBUF_inst/O
                         net (fo=1, routed)           1.920    13.331    clk_IBUF
    BUFGCTRL_X0Y16       BUFG (Prop_bufg_I_O)         0.091    13.422 r  clk_IBUF_BUFG_inst/O
                         net (fo=3610, routed)        1.753    15.175    top/fifo_sync/fifo_generator_0/<hidden>/<hidden>/<hidden>/<hidden>/<hidden>/<hidden>
    SLICE_X4Y24          FDRE                                         r  top/fifo_sync/fifo_generator_0/<hidden>/<hidden>/<hidden>/<hidden>/<hidden>/<hidden>
                         clock pessimism              0.187    15.362    
                         clock uncertainty           -0.035    15.327    
    SLICE_X4Y24          FDRE (Setup_fdre_C_R)       -0.429    14.898    top/fifo_sync/fifo_generator_0/<hidden>/<hidden>/<hidden>/<hidden>/<hidden>/<hidden>
  -------------------------------------------------------------------
                         required time                         14.898    
                         arrival time                         -10.759    
  -------------------------------------------------------------------
                         slack                                  4.139    

Slack (MET) :             4.143ns  (required time - arrival time)
  Source:                 por_done_reg/C
                            (rising edge-triggered cell FDRE clocked by sys_clk_pin  {rise@0.000ns fall@5.000ns period=10.000ns})
  Destination:            top/fifo_sync/fifo_generator_0/<hidden>/<hidden>/<hidden>/<hidden>/<hidden>/<hidden>
                            (rising edge-triggered cell FDRE clocked by sys_clk_pin  {rise@0.000ns fall@5.000ns period=10.000ns})
  Path Group:             sys_clk_pin
  Path Type:              Setup (Max at Slow Process Corner)
  Requirement:            10.000ns  (sys_clk_pin rise@10.000ns - sys_clk_pin rise@0.000ns)
  Data Path Delay:        5.426ns  (logic 0.580ns (10.690%)  route 4.846ns (89.310%))
  Logic Levels:           1  (LUT2=1)
  Clock Path Skew:        0.034ns (DCD - SCD + CPR)
    Destination Clock Delay (DCD):    5.175ns = ( 15.175 - 10.000 ) 
    Source Clock Delay      (SCD):    5.329ns
    Clock Pessimism Removal (CPR):    0.187ns
  Clock Uncertainty:      0.035ns  ((TSJ^2 + TIJ^2)^1/2 + DJ) / 2 + PE
    Total System Jitter     (TSJ):    0.071ns
    Total Input Jitter      (TIJ):    0.000ns
    Discrete Jitter          (DJ):    0.000ns
    Phase Error              (PE):    0.000ns

    Location             Delay type                Incr(ns)  Path(ns)    Netlist Resource(s)
  -------------------------------------------------------------------    -------------------
                         (clock sys_clk_pin rise edge)
                                                      0.000     0.000 r  
    E3                                                0.000     0.000 r  clk (IN)
                         net (fo=0)                   0.000     0.000    clk
    E3                   IBUF (Prop_ibuf_I_O)         1.482     1.482 r  clk_IBUF_inst/O
                         net (fo=1, routed)           2.025     3.506    clk_IBUF
    BUFGCTRL_X0Y16       BUFG (Prop_bufg_I_O)         0.096     3.602 r  clk_IBUF_BUFG_inst/O
                         net (fo=3610, routed)        1.726     5.329    clk_IBUF_BUFG
    SLICE_X0Y97          FDRE                                         r  por_done_reg/C
  -------------------------------------------------------------------    -------------------
    SLICE_X0Y97          FDRE (Prop_fdre_C_Q)         0.456     5.785 f  por_done_reg/Q
                         net (fo=5, routed)           0.534     6.319    u_ser/led_OBUF[0]
    SLICE_X0Y97          LUT2 (Prop_lut2_I1_O)        0.124     6.443 r  u_ser/FSM_onehot_state[3]_i_2/O
                         net (fo=193, routed)         4.312    10.754    top/fifo_sync/fifo_generator_0/<hidden>/<hidden>/<hidden>/<hidden>/<hidden>/<hidden>
    SLICE_X5Y24          FDRE                                         r  top/fifo_sync/fifo_generator_0/<hidden>/<hidden>/<hidden>/<hidden>/<hidden>/<hidden>
  -------------------------------------------------------------------    -------------------

                         (clock sys_clk_pin rise edge)
                                                     10.000    10.000 r  
    E3                                                0.000    10.000 r  clk (IN)
                         net (fo=0)                   0.000    10.000    clk
    E3                   IBUF (Prop_ibuf_I_O)         1.411    11.411 r  clk_IBUF_inst/O
                         net (fo=1, routed)           1.920    13.331    clk_IBUF
    BUFGCTRL_X0Y16       BUFG (Prop_bufg_I_O)         0.091    13.422 r  clk_IBUF_BUFG_inst/O
                         net (fo=3610, routed)        1.753    15.175    top/fifo_sync/fifo_generator_0/<hidden>/<hidden>/<hidden>/<hidden>/<hidden>/<hidden>
    SLICE_X5Y24          FDRE                                         r  top/fifo_sync/fifo_generator_0/<hidden>/<hidden>/<hidden>/<hidden>/<hidden>/<hidden>
                         clock pessimism              0.187    15.362    
                         clock uncertainty           -0.035    15.327    
    SLICE_X5Y24          FDRE (Setup_fdre_C_R)       -0.429    14.898    top/fifo_sync/fifo_generator_0/<hidden>/<hidden>/<hidden>/<hidden>/<hidden>/<hidden>
  -------------------------------------------------------------------
                         required time                         14.898    
                         arrival time                         -10.754    
  -------------------------------------------------------------------
                         slack                                  4.143    





Min Delay Paths
--------------------------------------------------------------------------------------
Slack (MET) :             0.044ns  (arrival time - required time)
  Source:                 top/ifft_wrapper/xfft_0/<hidden>/<hidden>/<hidden>/<hidden>/<hidden>/<hidden>/<hidden>
                            (rising edge-triggered cell FDRE clocked by sys_clk_pin  {rise@0.000ns fall@5.000ns period=10.000ns})
  Destination:            top/ifft_wrapper/xfft_0/<hidden>/<hidden>/<hidden>/<hidden>/<hidden>/<hidden>/<hidden>/<hidden>/<hidden>
                            (rising edge-triggered cell FDRE clocked by sys_clk_pin  {rise@0.000ns fall@5.000ns period=10.000ns})
  Path Group:             sys_clk_pin
  Path Type:              Hold (Min at Fast Process Corner)
  Requirement:            0.000ns  (sys_clk_pin rise@0.000ns - sys_clk_pin rise@0.000ns)
  Data Path Delay:        0.378ns  (logic 0.164ns (43.372%)  route 0.214ns (56.628%))
  Logic Levels:           0  
  Clock Path Skew:        0.258ns (DCD - SCD - CPR)
    Destination Clock Delay (DCD):    2.054ns
    Source Clock Delay      (SCD):    1.542ns
    Clock Pessimism Removal (CPR):    0.254ns

    Location             Delay type                Incr(ns)  Path(ns)    Netlist Resource(s)
  -------------------------------------------------------------------    -------------------
                         (clock sys_clk_pin rise edge)
                                                      0.000     0.000 r  
    E3                                                0.000     0.000 r  clk (IN)
                         net (fo=0)                   0.000     0.000    clk
    E3                   IBUF (Prop_ibuf_I_O)         0.250     0.250 r  clk_IBUF_inst/O
                         net (fo=1, routed)           0.644     0.894    clk_IBUF
    BUFGCTRL_X0Y16       BUFG (Prop_bufg_I_O)         0.026     0.920 r  clk_IBUF_BUFG_inst/O
                         net (fo=3610, routed)        0.622     1.542    top/ifft_wrapper/xfft_0/<hidden>/<hidden>/<hidden>/<hidden>/<hidden>/<hidden>/<hidden>
    SLICE_X46Y28         FDRE                                         r  top/ifft_wrapper/xfft_0/<hidden>/<hidden>/<hidden>/<hidden>/<hidden>/<hidden>/<hidden>
  -------------------------------------------------------------------    -------------------
    SLICE_X46Y28         FDRE (Prop_fdre_C_Q)         0.164     1.706 r  top/ifft_wrapper/xfft_0/<hidden>/<hidden>/<hidden>/<hidden>/<hidden>/<hidden>/<hidden>
                         net (fo=1, routed)           0.214     1.920    top/ifft_wrapper/xfft_0/<hidden>/<hidden>/<hidden>/<hidden>/<hidden>/<hidden>/<hidden>/<hidden>/<hidden>
    SLICE_X52Y26         FDRE                                         r  top/ifft_wrapper/xfft_0/<hidden>/<hidden>/<hidden>/<hidden>/<hidden>/<hidden>/<hidden>/<hidden>/<hidden>
  -------------------------------------------------------------------    -------------------

                         (clock sys_clk_pin rise edge)
                                                      0.000     0.000 r  
    E3                                                0.000     0.000 r  clk (IN)
                         net (fo=0)                   0.000     0.000    clk
    E3                   IBUF (Prop_ibuf_I_O)         0.438     0.438 r  clk_IBUF_inst/O
                         net (fo=1, routed)           0.699     1.136    clk_IBUF
    BUFGCTRL_X0Y16       BUFG (Prop_bufg_I_O)         0.029     1.165 r  clk_IBUF_BUFG_inst/O
                         net (fo=3610, routed)        0.889     2.054    top/ifft_wrapper/xfft_0/<hidden>/<hidden>/<hidden>/<hidden>/<hidden>/<hidden>/<hidden>/<hidden>/<hidden>
    SLICE_X52Y26         FDRE                                         r  top/ifft_wrapper/xfft_0/<hidden>/<hidden>/<hidden>/<hidden>/<hidden>/<hidden>/<hidden>/<hidden>/<hidden>
                         clock pessimism             -0.254     1.800    
    SLICE_X52Y26         FDRE (Hold_fdre_C_D)         0.076     1.876    top/ifft_wrapper/xfft_0/<hidden>/<hidden>/<hidden>/<hidden>/<hidden>/<hidden>/<hidden>/<hidden>/<hidden>
  -------------------------------------------------------------------
                         required time                         -1.876    
                         arrival time                           1.920    
  -------------------------------------------------------------------
                         slack                                  0.044    

Slack (MET) :             0.050ns  (arrival time - required time)
  Source:                 top/ifft_wrapper/xfft_0/<hidden>/<hidden>/<hidden>/<hidden>/<hidden>/<hidden>/<hidden>
                            (rising edge-triggered cell FDRE clocked by sys_clk_pin  {rise@0.000ns fall@5.000ns period=10.000ns})
  Destination:            top/ifft_wrapper/xfft_0/<hidden>/<hidden>/<hidden>/<hidden>/<hidden>/<hidden>
                            (rising edge-triggered cell FDRE clocked by sys_clk_pin  {rise@0.000ns fall@5.000ns period=10.000ns})
  Path Group:             sys_clk_pin
  Path Type:              Hold (Min at Fast Process Corner)
  Requirement:            0.000ns  (sys_clk_pin rise@0.000ns - sys_clk_pin rise@0.000ns)
  Data Path Delay:        0.379ns  (logic 0.141ns (37.163%)  route 0.238ns (62.837%))
  Logic Levels:           0  
  Clock Path Skew:        0.266ns (DCD - SCD - CPR)
    Destination Clock Delay (DCD):    2.063ns
    Source Clock Delay      (SCD):    1.543ns
    Clock Pessimism Removal (CPR):    0.254ns

    Location             Delay type                Incr(ns)  Path(ns)    Netlist Resource(s)
  -------------------------------------------------------------------    -------------------
                         (clock sys_clk_pin rise edge)
                                                      0.000     0.000 r  
    E3                                                0.000     0.000 r  clk (IN)
                         net (fo=0)                   0.000     0.000    clk
    E3                   IBUF (Prop_ibuf_I_O)         0.250     0.250 r  clk_IBUF_inst/O
                         net (fo=1, routed)           0.644     0.894    clk_IBUF
    BUFGCTRL_X0Y16       BUFG (Prop_bufg_I_O)         0.026     0.920 r  clk_IBUF_BUFG_inst/O
                         net (fo=3610, routed)        0.623     1.543    top/ifft_wrapper/xfft_0/<hidden>/<hidden>/<hidden>/<hidden>/<hidden>/<hidden>/<hidden>
    SLICE_X55Y31         FDRE                                         r  top/ifft_wrapper/xfft_0/<hidden>/<hidden>/<hidden>/<hidden>/<hidden>/<hidden>/<hidden>
  -------------------------------------------------------------------    -------------------
    SLICE_X55Y31         FDRE (Prop_fdre_C_Q)         0.141     1.684 r  top/ifft_wrapper/xfft_0/<hidden>/<hidden>/<hidden>/<hidden>/<hidden>/<hidden>/<hidden>
                         net (fo=3, routed)           0.238     1.922    top/ifft_wrapper/xfft_0/<hidden>/<hidden>/<hidden>/<hidden>/<hidden>/<hidden>
    SLICE_X46Y31         FDRE                                         r  top/ifft_wrapper/xfft_0/<hidden>/<hidden>/<hidden>/<hidden>/<hidden>/<hidden>
  -------------------------------------------------------------------    -------------------

                         (clock sys_clk_pin rise edge)
                                                      0.000     0.000 r  
    E3                                                0.000     0.000 r  clk (IN)
                         net (fo=0)                   0.000     0.000    clk
    E3                   IBUF (Prop_ibuf_I_O)         0.438     0.438 r  clk_IBUF_inst/O
                         net (fo=1, routed)           0.699     1.136    clk_IBUF
    BUFGCTRL_X0Y16       BUFG (Prop_bufg_I_O)         0.029     1.165 r  clk_IBUF_BUFG_inst/O
                         net (fo=3610, routed)        0.898     2.063    top/ifft_wrapper/xfft_0/<hidden>/<hidden>/<hidden>/<hidden>/<hidden>/<hidden>
    SLICE_X46Y31         FDRE                                         r  top/ifft_wrapper/xfft_0/<hidden>/<hidden>/<hidden>/<hidden>/<hidden>/<hidden>
                         clock pessimism             -0.254     1.809    
    SLICE_X46Y31         FDRE (Hold_fdre_C_D)         0.063     1.872    top/ifft_wrapper/xfft_0/<hidden>/<hidden>/<hidden>/<hidden>/<hidden>/<hidden>
  -------------------------------------------------------------------
                         required time                         -1.872    
                         arrival time                           1.922    
  -------------------------------------------------------------------
                         slack                                  0.050    

Slack (MET) :             0.054ns  (arrival time - required time)
  Source:                 top/ifft_wrapper/xfft_0/<hidden>/<hidden>/<hidden>/<hidden>
                            (rising edge-triggered cell FDRE clocked by sys_clk_pin  {rise@0.000ns fall@5.000ns period=10.000ns})
  Destination:            top/ifft_wrapper/xfft_0/<hidden>/<hidden>/<hidden>/<hidden>/<hidden>/<hidden>
                            (rising edge-triggered cell SRL16E clocked by sys_clk_pin  {rise@0.000ns fall@5.000ns period=10.000ns})
  Path Group:             sys_clk_pin
  Path Type:              Hold (Min at Fast Process Corner)
  Requirement:            0.000ns  (sys_clk_pin rise@0.000ns - sys_clk_pin rise@0.000ns)
  Data Path Delay:        0.251ns  (logic 0.141ns (56.174%)  route 0.110ns (43.826%))
  Logic Levels:           0  
  Clock Path Skew:        0.014ns (DCD - SCD - CPR)
    Destination Clock Delay (DCD):    2.066ns
    Source Clock Delay      (SCD):    1.548ns
    Clock Pessimism Removal (CPR):    0.504ns

    Location             Delay type                Incr(ns)  Path(ns)    Netlist Resource(s)
  -------------------------------------------------------------------    -------------------
                         (clock sys_clk_pin rise edge)
                                                      0.000     0.000 r  
    E3                                                0.000     0.000 r  clk (IN)
                         net (fo=0)                   0.000     0.000    clk
    E3                   IBUF (Prop_ibuf_I_O)         0.250     0.250 r  clk_IBUF_inst/O
                         net (fo=1, routed)           0.644     0.894    clk_IBUF
    BUFGCTRL_X0Y16       BUFG (Prop_bufg_I_O)         0.026     0.920 r  clk_IBUF_BUFG_inst/O
                         net (fo=3610, routed)        0.628     1.548    top/ifft_wrapper/xfft_0/<hidden>/<hidden>/<hidden>/<hidden>
    SLICE_X9Y24          FDRE                                         r  top/ifft_wrapper/xfft_0/<hidden>/<hidden>/<hidden>/<hidden>
  -------------------------------------------------------------------    -------------------
    SLICE_X9Y24          FDRE (Prop_fdre_C_Q)         0.141     1.689 r  top/ifft_wrapper/xfft_0/<hidden>/<hidden>/<hidden>/<hidden>
                         net (fo=1, routed)           0.110     1.799    top/ifft_wrapper/xfft_0/<hidden>/<hidden>/<hidden>/<hidden>/<hidden>/<hidden>
    SLICE_X8Y23          SRL16E                                       r  top/ifft_wrapper/xfft_0/<hidden>/<hidden>/<hidden>/<hidden>/<hidden>/<hidden>
  -------------------------------------------------------------------    -------------------

                         (clock sys_clk_pin rise edge)
                                                      0.000     0.000 r  
    E3                                                0.000     0.000 r  clk (IN)
                         net (fo=0)                   0.000     0.000    clk
    E3                   IBUF (Prop_ibuf_I_O)         0.438     0.438 r  clk_IBUF_inst/O
                         net (fo=1, routed)           0.699     1.136    clk_IBUF
    BUFGCTRL_X0Y16       BUFG (Prop_bufg_I_O)         0.029     1.165 r  clk_IBUF_BUFG_inst/O
                         net (fo=3610, routed)        0.901     2.066    top/ifft_wrapper/xfft_0/<hidden>/<hidden>/<hidden>/<hidden>/<hidden>/<hidden>
    SLICE_X8Y23          SRL16E                                       r  top/ifft_wrapper/xfft_0/<hidden>/<hidden>/<hidden>/<hidden>/<hidden>/<hidden>
                         clock pessimism             -0.504     1.562    
    SLICE_X8Y23          SRL16E (Hold_srl16e_CLK_D)
                                                      0.183     1.745    top/ifft_wrapper/xfft_0/<hidden>/<hidden>/<hidden>/<hidden>/<hidden>/<hidden>
  -------------------------------------------------------------------
                         required time                         -1.745    
                         arrival time                           1.799    
  -------------------------------------------------------------------
                         slack                                  0.054    

Slack (MET) :             0.054ns  (arrival time - required time)
  Source:                 top/ifft_wrapper/xfft_0/<hidden>/<hidden>/<hidden>/<hidden>/<hidden>
                            (rising edge-triggered cell FDRE clocked by sys_clk_pin  {rise@0.000ns fall@5.000ns period=10.000ns})
  Destination:            top/ifft_wrapper/xfft_0/<hidden>/<hidden>/<hidden>/<hidden>/<hidden>/<hidden>/<hidden>/<hidden>
                            (rising edge-triggered cell SRLC32E clocked by sys_clk_pin  {rise@0.000ns fall@5.000ns period=10.000ns})
  Path Group:             sys_clk_pin
  Path Type:              Hold (Min at Fast Process Corner)
  Requirement:            0.000ns  (sys_clk_pin rise@0.000ns - sys_clk_pin rise@0.000ns)
  Data Path Delay:        0.252ns  (logic 0.141ns (55.846%)  route 0.111ns (44.154%))
  Logic Levels:           0  
  Clock Path Skew:        0.015ns (DCD - SCD - CPR)
    Destination Clock Delay (DCD):    2.073ns
    Source Clock Delay      (SCD):    1.554ns
    Clock Pessimism Removal (CPR):    0.504ns

    Location             Delay type                Incr(ns)  Path(ns)    Netlist Resource(s)
  -------------------------------------------------------------------    -------------------
                         (clock sys_clk_pin rise edge)
                                                      0.000     0.000 r  
    E3                                                0.000     0.000 r  clk (IN)
                         net (fo=0)                   0.000     0.000    clk
    E3                   IBUF (Prop_ibuf_I_O)         0.250     0.250 r  clk_IBUF_inst/O
                         net (fo=1, routed)           0.644     0.894    clk_IBUF
    BUFGCTRL_X0Y16       BUFG (Prop_bufg_I_O)         0.026     0.920 r  clk_IBUF_BUFG_inst/O
                         net (fo=3610, routed)        0.634     1.554    top/ifft_wrapper/xfft_0/<hidden>/<hidden>/<hidden>/<hidden>/<hidden>
    SLICE_X13Y31         FDRE                                         r  top/ifft_wrapper/xfft_0/<hidden>/<hidden>/<hidden>/<hidden>/<hidden>
  -------------------------------------------------------------------    -------------------
    SLICE_X13Y31         FDRE (Prop_fdre_C_Q)         0.141     1.695 r  top/ifft_wrapper/xfft_0/<hidden>/<hidden>/<hidden>/<hidden>/<hidden>
                         net (fo=2, routed)           0.111     1.806    top/ifft_wrapper/xfft_0/<hidden>/<hidden>/<hidden>/<hidden>/<hidden>/<hidden>/<hidden>/<hidden>
    SLICE_X14Y32         SRLC32E                                      r  top/ifft_wrapper/xfft_0/<hidden>/<hidden>/<hidden>/<hidden>/<hidden>/<hidden>/<hidden>/<hidden>
  -------------------------------------------------------------------    -------------------

                         (clock sys_clk_pin rise edge)
                                                      0.000     0.000 r  
    E3                                                0.000     0.000 r  clk (IN)
                         net (fo=0)                   0.000     0.000    clk
    E3                   IBUF (Prop_ibuf_I_O)         0.438     0.438 r  clk_IBUF_inst/O
                         net (fo=1, routed)           0.699     1.136    clk_IBUF
    BUFGCTRL_X0Y16       BUFG (Prop_bufg_I_O)         0.029     1.165 r  clk_IBUF_BUFG_inst/O
                         net (fo=3610, routed)        0.908     2.073    top/ifft_wrapper/xfft_0/<hidden>/<hidden>/<hidden>/<hidden>/<hidden>/<hidden>/<hidden>/<hidden>
    SLICE_X14Y32         SRLC32E                                      r  top/ifft_wrapper/xfft_0/<hidden>/<hidden>/<hidden>/<hidden>/<hidden>/<hidden>/<hidden>/<hidden>
                         clock pessimism             -0.504     1.569    
    SLICE_X14Y32         SRLC32E (Hold_srlc32e_CLK_D)
                                                      0.183     1.752    top/ifft_wrapper/xfft_0/<hidden>/<hidden>/<hidden>/<hidden>/<hidden>/<hidden>/<hidden>/<hidden>
  -------------------------------------------------------------------
                         required time                         -1.752    
                         arrival time                           1.806    
  -------------------------------------------------------------------
                         slack                                  0.054    

Slack (MET) :             0.058ns  (arrival time - required time)
  Source:                 top/ifft_wrapper/xfft_0/<hidden>/<hidden>/<hidden>/<hidden>/<hidden>/<hidden>/<hidden>/<hidden>/<hidden>
                            (rising edge-triggered cell FDRE clocked by sys_clk_pin  {rise@0.000ns fall@5.000ns period=10.000ns})
  Destination:            top/ifft_wrapper/xfft_0/<hidden>/<hidden>/<hidden>/<hidden>/<hidden>/<hidden>/<hidden>/<hidden>/<hidden>/<hidden>/<hidden>
                            (rising edge-triggered cell FDRE clocked by sys_clk_pin  {rise@0.000ns fall@5.000ns period=10.000ns})
  Path Group:             sys_clk_pin
  Path Type:              Hold (Min at Fast Process Corner)
  Requirement:            0.000ns  (sys_clk_pin rise@0.000ns - sys_clk_pin rise@0.000ns)
  Data Path Delay:        0.394ns  (logic 0.141ns (35.805%)  route 0.253ns (64.195%))
  Logic Levels:           0  
  Clock Path Skew:        0.261ns (DCD - SCD - CPR)
    Destination Clock Delay (DCD):    2.061ns
    Source Clock Delay      (SCD):    1.546ns
    Clock Pessimism Removal (CPR):    0.254ns

    Location             Delay type                Incr(ns)  Path(ns)    Netlist Resource(s)
  -------------------------------------------------------------------    -------------------
                         (clock sys_clk_pin rise edge)
                                                      0.000     0.000 r  
    E3                                                0.000     0.000 r  clk (IN)
                         net (fo=0)                   0.000     0.000    clk
    E3                   IBUF (Prop_ibuf_I_O)         0.250     0.250 r  clk_IBUF_inst/O
                         net (fo=1, routed)           0.644     0.894    clk_IBUF
    BUFGCTRL_X0Y16       BUFG (Prop_bufg_I_O)         0.026     0.920 r  clk_IBUF_BUFG_inst/O
                         net (fo=3610, routed)        0.626     1.546    top/ifft_wrapper/xfft_0/<hidden>/<hidden>/<hidden>/<hidden>/<hidden>/<hidden>/<hidden>/<hidden>/<hidden>
    SLICE_X48Y32         FDRE                                         r  top/ifft_wrapper/xfft_0/<hidden>/<hidden>/<hidden>/<hidden>/<hidden>/<hidden>/<hidden>/<hidden>/<hidden>
  -------------------------------------------------------------------    -------------------
    SLICE_X48Y32         FDRE (Prop_fdre_C_Q)         0.141     1.687 r  top/ifft_wrapper/xfft_0/<hidden>/<hidden>/<hidden>/<hidden>/<hidden>/<hidden>/<hidden>/<hidden>/<hidden>
                         net (fo=9, routed)           0.253     1.940    top/ifft_wrapper/xfft_0/<hidden>/<hidden>/<hidden>/<hidden>/<hidden>/<hidden>/<hidden>/<hidden>/<hidden>/<hidden>/<hidden>
    SLICE_X53Y32         FDRE                                         r  top/ifft_wrapper/xfft_0/<hidden>/<hidden>/<hidden>/<hidden>/<hidden>/<hidden>/<hidden>/<hidden>/<hidden>/<hidden>/<hidden>
  -------------------------------------------------------------------    -------------------

                         (clock sys_clk_pin rise edge)
                                                      0.000     0.000 r  
    E3                                                0.000     0.000 r  clk (IN)
                         net (fo=0)                   0.000     0.000    clk
    E3                   IBUF (Prop_ibuf_I_O)         0.438     0.438 r  clk_IBUF_inst/O
                         net (fo=1, routed)           0.699     1.136    clk_IBUF
    BUFGCTRL_X0Y16       BUFG (Prop_bufg_I_O)         0.029     1.165 r  clk_IBUF_BUFG_inst/O
                         net (fo=3610, routed)        0.896     2.061    top/ifft_wrapper/xfft_0/<hidden>/<hidden>/<hidden>/<hidden>/<hidden>/<hidden>/<hidden>/<hidden>/<hidden>/<hidden>/<hidden>
    SLICE_X53Y32         FDRE                                         r  top/ifft_wrapper/xfft_0/<hidden>/<hidden>/<hidden>/<hidden>/<hidden>/<hidden>/<hidden>/<hidden>/<hidden>/<hidden>/<hidden>
                         clock pessimism             -0.254     1.807    
    SLICE_X53Y32         FDRE (Hold_fdre_C_D)         0.075     1.882    top/ifft_wrapper/xfft_0/<hidden>/<hidden>/<hidden>/<hidden>/<hidden>/<hidden>/<hidden>/<hidden>/<hidden>/<hidden>/<hidden>
  -------------------------------------------------------------------
                         required time                         -1.882    
                         arrival time                           1.940    
  -------------------------------------------------------------------
                         slack                                  0.058    

Slack (MET) :             0.062ns  (arrival time - required time)
  Source:                 top/ifft_wrapper/xfft_0/<hidden>/<hidden>/<hidden>/<hidden>
                            (rising edge-triggered cell FDRE clocked by sys_clk_pin  {rise@0.000ns fall@5.000ns period=10.000ns})
  Destination:            top/ifft_wrapper/xfft_0/<hidden>/<hidden>/<hidden>/<hidden>/<hidden>/<hidden>
                            (rising edge-triggered cell SRL16E clocked by sys_clk_pin  {rise@0.000ns fall@5.000ns period=10.000ns})
  Path Group:             sys_clk_pin
  Path Type:              Hold (Min at Fast Process Corner)
  Requirement:            0.000ns  (sys_clk_pin rise@0.000ns - sys_clk_pin rise@0.000ns)
  Data Path Delay:        0.280ns  (logic 0.164ns (58.670%)  route 0.116ns (41.330%))
  Logic Levels:           0  
  Clock Path Skew:        0.035ns (DCD - SCD - CPR)
    Destination Clock Delay (DCD):    2.069ns
    Source Clock Delay      (SCD):    1.551ns
    Clock Pessimism Removal (CPR):    0.483ns

    Location             Delay type                Incr(ns)  Path(ns)    Netlist Resource(s)
  -------------------------------------------------------------------    -------------------
                         (clock sys_clk_pin rise edge)
                                                      0.000     0.000 r  
    E3                                                0.000     0.000 r  clk (IN)
                         net (fo=0)                   0.000     0.000    clk
    E3                   IBUF (Prop_ibuf_I_O)         0.250     0.250 r  clk_IBUF_inst/O
                         net (fo=1, routed)           0.644     0.894    clk_IBUF
    BUFGCTRL_X0Y16       BUFG (Prop_bufg_I_O)         0.026     0.920 r  clk_IBUF_BUFG_inst/O
                         net (fo=3610, routed)        0.631     1.551    top/ifft_wrapper/xfft_0/<hidden>/<hidden>/<hidden>/<hidden>
    SLICE_X10Y22         FDRE                                         r  top/ifft_wrapper/xfft_0/<hidden>/<hidden>/<hidden>/<hidden>
  -------------------------------------------------------------------    -------------------
    SLICE_X10Y22         FDRE (Prop_fdre_C_Q)         0.164     1.715 r  top/ifft_wrapper/xfft_0/<hidden>/<hidden>/<hidden>/<hidden>
                         net (fo=1, routed)           0.116     1.830    top/ifft_wrapper/xfft_0/<hidden>/<hidden>/<hidden>/<hidden>/<hidden>/<hidden>
    SLICE_X8Y21          SRL16E                                       r  top/ifft_wrapper/xfft_0/<hidden>/<hidden>/<hidden>/<hidden>/<hidden>/<hidden>
  -------------------------------------------------------------------    -------------------

                         (clock sys_clk_pin rise edge)
                                                      0.000     0.000 r  
    E3                                                0.000     0.000 r  clk (IN)
                         net (fo=0)                   0.000     0.000    clk
    E3                   IBUF (Prop_ibuf_I_O)         0.438     0.438 r  clk_IBUF_inst/O
                         net (fo=1, routed)           0.699     1.136    clk_IBUF
    BUFGCTRL_X0Y16       BUFG (Prop_bufg_I_O)         0.029     1.165 r  clk_IBUF_BUFG_inst/O
                         net (fo=3610, routed)        0.904     2.069    top/ifft_wrapper/xfft_0/<hidden>/<hidden>/<hidden>/<hidden>/<hidden>/<hidden>
    SLICE_X8Y21          SRL16E                                       r  top/ifft_wrapper/xfft_0/<hidden>/<hidden>/<hidden>/<hidden>/<hidden>/<hidden>
                         clock pessimism             -0.483     1.586    
    SLICE_X8Y21          SRL16E (Hold_srl16e_CLK_D)
                                                      0.183     1.769    top/ifft_wrapper/xfft_0/<hidden>/<hidden>/<hidden>/<hidden>/<hidden>/<hidden>
  -------------------------------------------------------------------
                         required time                         -1.769    
                         arrival time                           1.830    
  -------------------------------------------------------------------
                         slack                                  0.062    

Slack (MET) :             0.067ns  (arrival time - required time)
  Source:                 top/ifft_wrapper/xfft_0/<hidden>/<hidden>/<hidden>/<hidden>
                            (rising edge-triggered cell FDRE clocked by sys_clk_pin  {rise@0.000ns fall@5.000ns period=10.000ns})
  Destination:            top/ifft_wrapper/xfft_0/<hidden>/<hidden>/<hidden>/<hidden>/<hidden>
                            (rising edge-triggered cell SRL16E clocked by sys_clk_pin  {rise@0.000ns fall@5.000ns period=10.000ns})
  Path Group:             sys_clk_pin
  Path Type:              Hold (Min at Fast Process Corner)
  Requirement:            0.000ns  (sys_clk_pin rise@0.000ns - sys_clk_pin rise@0.000ns)
  Data Path Delay:        0.197ns  (logic 0.141ns (71.611%)  route 0.056ns (28.389%))
  Logic Levels:           0  
  Clock Path Skew:        0.013ns (DCD - SCD - CPR)
    Destination Clock Delay (DCD):    2.066ns
    Source Clock Delay      (SCD):    1.549ns
    Clock Pessimism Removal (CPR):    0.504ns

    Location             Delay type                Incr(ns)  Path(ns)    Netlist Resource(s)
  -------------------------------------------------------------------    -------------------
                         (clock sys_clk_pin rise edge)
                                                      0.000     0.000 r  
    E3                                                0.000     0.000 r  clk (IN)
                         net (fo=0)                   0.000     0.000    clk
    E3                   IBUF (Prop_ibuf_I_O)         0.250     0.250 r  clk_IBUF_inst/O
                         net (fo=1, routed)           0.644     0.894    clk_IBUF
    BUFGCTRL_X0Y16       BUFG (Prop_bufg_I_O)         0.026     0.920 r  clk_IBUF_BUFG_inst/O
                         net (fo=3610, routed)        0.629     1.549    top/ifft_wrapper/xfft_0/<hidden>/<hidden>/<hidden>/<hidden>
    SLICE_X13Y23         FDRE                                         r  top/ifft_wrapper/xfft_0/<hidden>/<hidden>/<hidden>/<hidden>
  -------------------------------------------------------------------    -------------------
    SLICE_X13Y23         FDRE (Prop_fdre_C_Q)         0.141     1.690 r  top/ifft_wrapper/xfft_0/<hidden>/<hidden>/<hidden>/<hidden>
                         net (fo=1, routed)           0.056     1.746    top/ifft_wrapper/xfft_0/<hidden>/<hidden>/<hidden>/<hidden>/<hidden>
    SLICE_X12Y23         SRL16E                                       r  top/ifft_wrapper/xfft_0/<hidden>/<hidden>/<hidden>/<hidden>/<hidden>
  -------------------------------------------------------------------    -------------------

                         (clock sys_clk_pin rise edge)
                                                      0.000     0.000 r  
    E3                                                0.000     0.000 r  clk (IN)
                         net (fo=0)                   0.000     0.000    clk
    E3                   IBUF (Prop_ibuf_I_O)         0.438     0.438 r  clk_IBUF_inst/O
                         net (fo=1, routed)           0.699     1.136    clk_IBUF
    BUFGCTRL_X0Y16       BUFG (Prop_bufg_I_O)         0.029     1.165 r  clk_IBUF_BUFG_inst/O
                         net (fo=3610, routed)        0.901     2.066    top/ifft_wrapper/xfft_0/<hidden>/<hidden>/<hidden>/<hidden>/<hidden>
    SLICE_X12Y23         SRL16E                                       r  top/ifft_wrapper/xfft_0/<hidden>/<hidden>/<hidden>/<hidden>/<hidden>
                         clock pessimism             -0.504     1.562    
    SLICE_X12Y23         SRL16E (Hold_srl16e_CLK_D)
                                                      0.117     1.679    top/ifft_wrapper/xfft_0/<hidden>/<hidden>/<hidden>/<hidden>/<hidden>
  -------------------------------------------------------------------
                         required time                         -1.679    
                         arrival time                           1.746    
  -------------------------------------------------------------------
                         slack                                  0.067    

Slack (MET) :             0.067ns  (arrival time - required time)
  Source:                 top/ifft_wrapper/xfft_0/<hidden>/<hidden>/<hidden>/<hidden>/<hidden>/<hidden>/<hidden>
                            (rising edge-triggered cell FDRE clocked by sys_clk_pin  {rise@0.000ns fall@5.000ns period=10.000ns})
  Destination:            top/ifft_wrapper/xfft_0/<hidden>/<hidden>/<hidden>/<hidden>/<hidden>/<hidden>/<hidden>
                            (rising edge-triggered cell SRL16E clocked by sys_clk_pin  {rise@0.000ns fall@5.000ns period=10.000ns})
  Path Group:             sys_clk_pin
  Path Type:              Hold (Min at Fast Process Corner)
  Requirement:            0.000ns  (sys_clk_pin rise@0.000ns - sys_clk_pin rise@0.000ns)
  Data Path Delay:        0.197ns  (logic 0.141ns (71.611%)  route 0.056ns (28.389%))
  Logic Levels:           0  
  Clock Path Skew:        0.013ns (DCD - SCD - CPR)
    Destination Clock Delay (DCD):    2.080ns
    Source Clock Delay      (SCD):    1.560ns
    Clock Pessimism Removal (CPR):    0.507ns

    Location             Delay type                Incr(ns)  Path(ns)    Netlist Resource(s)
  -------------------------------------------------------------------    -------------------
                         (clock sys_clk_pin rise edge)
                                                      0.000     0.000 r  
    E3                                                0.000     0.000 r  clk (IN)
                         net (fo=0)                   0.000     0.000    clk
    E3                   IBUF (Prop_ibuf_I_O)         0.250     0.250 r  clk_IBUF_inst/O
                         net (fo=1, routed)           0.644     0.894    clk_IBUF
    BUFGCTRL_X0Y16       BUFG (Prop_bufg_I_O)         0.026     0.920 r  clk_IBUF_BUFG_inst/O
                         net (fo=3610, routed)        0.640     1.560    top/ifft_wrapper/xfft_0/<hidden>/<hidden>/<hidden>/<hidden>/<hidden>/<hidden>/<hidden>
    SLICE_X13Y41         FDRE                                         r  top/ifft_wrapper/xfft_0/<hidden>/<hidden>/<hidden>/<hidden>/<hidden>/<hidden>/<hidden>
  -------------------------------------------------------------------    -------------------
    SLICE_X13Y41         FDRE (Prop_fdre_C_Q)         0.141     1.701 r  top/ifft_wrapper/xfft_0/<hidden>/<hidden>/<hidden>/<hidden>/<hidden>/<hidden>/<hidden>
                         net (fo=1, routed)           0.056     1.757    top/ifft_wrapper/xfft_0/<hidden>/<hidden>/<hidden>/<hidden>/<hidden>/<hidden>/<hidden>
    SLICE_X12Y41         SRL16E                                       r  top/ifft_wrapper/xfft_0/<hidden>/<hidden>/<hidden>/<hidden>/<hidden>/<hidden>/<hidden>
  -------------------------------------------------------------------    -------------------

                         (clock sys_clk_pin rise edge)
                                                      0.000     0.000 r  
    E3                                                0.000     0.000 r  clk (IN)
                         net (fo=0)                   0.000     0.000    clk
    E3                   IBUF (Prop_ibuf_I_O)         0.438     0.438 r  clk_IBUF_inst/O
                         net (fo=1, routed)           0.699     1.136    clk_IBUF
    BUFGCTRL_X0Y16       BUFG (Prop_bufg_I_O)         0.029     1.165 r  clk_IBUF_BUFG_inst/O
                         net (fo=3610, routed)        0.915     2.080    top/ifft_wrapper/xfft_0/<hidden>/<hidden>/<hidden>/<hidden>/<hidden>/<hidden>/<hidden>
    SLICE_X12Y41         SRL16E                                       r  top/ifft_wrapper/xfft_0/<hidden>/<hidden>/<hidden>/<hidden>/<hidden>/<hidden>/<hidden>
                         clock pessimism             -0.507     1.573    
    SLICE_X12Y41         SRL16E (Hold_srl16e_CLK_D)
                                                      0.117     1.690    top/ifft_wrapper/xfft_0/<hidden>/<hidden>/<hidden>/<hidden>/<hidden>/<hidden>/<hidden>
  -------------------------------------------------------------------
                         required time                         -1.690    
                         arrival time                           1.757    
  -------------------------------------------------------------------
                         slack                                  0.067    

Slack (MET) :             0.067ns  (arrival time - required time)
  Source:                 top/ifft_wrapper/xfft_0/<hidden>/<hidden>/<hidden>/<hidden>/<hidden>/<hidden>/<hidden>
                            (rising edge-triggered cell FDRE clocked by sys_clk_pin  {rise@0.000ns fall@5.000ns period=10.000ns})
  Destination:            top/ifft_wrapper/xfft_0/<hidden>/<hidden>/<hidden>/<hidden>/<hidden>/<hidden>/<hidden>
                            (rising edge-triggered cell SRL16E clocked by sys_clk_pin  {rise@0.000ns fall@5.000ns period=10.000ns})
  Path Group:             sys_clk_pin
  Path Type:              Hold (Min at Fast Process Corner)
  Requirement:            0.000ns  (sys_clk_pin rise@0.000ns - sys_clk_pin rise@0.000ns)
  Data Path Delay:        0.197ns  (logic 0.141ns (71.611%)  route 0.056ns (28.389%))
  Logic Levels:           0  
  Clock Path Skew:        0.013ns (DCD - SCD - CPR)
    Destination Clock Delay (DCD):    2.080ns
    Source Clock Delay      (SCD):    1.560ns
    Clock Pessimism Removal (CPR):    0.507ns

    Location             Delay type                Incr(ns)  Path(ns)    Netlist Resource(s)
  -------------------------------------------------------------------    -------------------
                         (clock sys_clk_pin rise edge)
                                                      0.000     0.000 r  
    E3                                                0.000     0.000 r  clk (IN)
                         net (fo=0)                   0.000     0.000    clk
    E3                   IBUF (Prop_ibuf_I_O)         0.250     0.250 r  clk_IBUF_inst/O
                         net (fo=1, routed)           0.644     0.894    clk_IBUF
    BUFGCTRL_X0Y16       BUFG (Prop_bufg_I_O)         0.026     0.920 r  clk_IBUF_BUFG_inst/O
                         net (fo=3610, routed)        0.640     1.560    top/ifft_wrapper/xfft_0/<hidden>/<hidden>/<hidden>/<hidden>/<hidden>/<hidden>/<hidden>
    SLICE_X15Y40         FDRE                                         r  top/ifft_wrapper/xfft_0/<hidden>/<hidden>/<hidden>/<hidden>/<hidden>/<hidden>/<hidden>
  -------------------------------------------------------------------    -------------------
    SLICE_X15Y40         FDRE (Prop_fdre_C_Q)         0.141     1.701 r  top/ifft_wrapper/xfft_0/<hidden>/<hidden>/<hidden>/<hidden>/<hidden>/<hidden>/<hidden>
                         net (fo=2, routed)           0.056     1.757    top/ifft_wrapper/xfft_0/<hidden>/<hidden>/<hidden>/<hidden>/<hidden>/<hidden>/<hidden>
    SLICE_X14Y40         SRL16E                                       r  top/ifft_wrapper/xfft_0/<hidden>/<hidden>/<hidden>/<hidden>/<hidden>/<hidden>/<hidden>
  -------------------------------------------------------------------    -------------------

                         (clock sys_clk_pin rise edge)
                                                      0.000     0.000 r  
    E3                                                0.000     0.000 r  clk (IN)
                         net (fo=0)                   0.000     0.000    clk
    E3                   IBUF (Prop_ibuf_I_O)         0.438     0.438 r  clk_IBUF_inst/O
                         net (fo=1, routed)           0.699     1.136    clk_IBUF
    BUFGCTRL_X0Y16       BUFG (Prop_bufg_I_O)         0.029     1.165 r  clk_IBUF_BUFG_inst/O
                         net (fo=3610, routed)        0.915     2.080    top/ifft_wrapper/xfft_0/<hidden>/<hidden>/<hidden>/<hidden>/<hidden>/<hidden>/<hidden>
    SLICE_X14Y40         SRL16E                                       r  top/ifft_wrapper/xfft_0/<hidden>/<hidden>/<hidden>/<hidden>/<hidden>/<hidden>/<hidden>
                         clock pessimism             -0.507     1.573    
    SLICE_X14Y40         SRL16E (Hold_srl16e_CLK_D)
                                                      0.117     1.690    top/ifft_wrapper/xfft_0/<hidden>/<hidden>/<hidden>/<hidden>/<hidden>/<hidden>/<hidden>
  -------------------------------------------------------------------
                         required time                         -1.690    
                         arrival time                           1.757    
  -------------------------------------------------------------------
                         slack                                  0.067    

Slack (MET) :             0.067ns  (arrival time - required time)
  Source:                 top/ifft_wrapper/xfft_0/<hidden>/<hidden>/<hidden>/<hidden>/<hidden>/<hidden>/<hidden>
                            (rising edge-triggered cell FDRE clocked by sys_clk_pin  {rise@0.000ns fall@5.000ns period=10.000ns})
  Destination:            top/ifft_wrapper/xfft_0/<hidden>/<hidden>/<hidden>/<hidden>/<hidden>/<hidden>/<hidden>
                            (rising edge-triggered cell SRL16E clocked by sys_clk_pin  {rise@0.000ns fall@5.000ns period=10.000ns})
  Path Group:             sys_clk_pin
  Path Type:              Hold (Min at Fast Process Corner)
  Requirement:            0.000ns  (sys_clk_pin rise@0.000ns - sys_clk_pin rise@0.000ns)
  Data Path Delay:        0.197ns  (logic 0.141ns (71.611%)  route 0.056ns (28.389%))
  Logic Levels:           0  
  Clock Path Skew:        0.013ns (DCD - SCD - CPR)
    Destination Clock Delay (DCD):    2.069ns
    Source Clock Delay      (SCD):    1.552ns
    Clock Pessimism Removal (CPR):    0.504ns

    Location             Delay type                Incr(ns)  Path(ns)    Netlist Resource(s)
  -------------------------------------------------------------------    -------------------
                         (clock sys_clk_pin rise edge)
                                                      0.000     0.000 r  
    E3                                                0.000     0.000 r  clk (IN)
                         net (fo=0)                   0.000     0.000    clk
    E3                   IBUF (Prop_ibuf_I_O)         0.250     0.250 r  clk_IBUF_inst/O
                         net (fo=1, routed)           0.644     0.894    clk_IBUF
    BUFGCTRL_X0Y16       BUFG (Prop_bufg_I_O)         0.026     0.920 r  clk_IBUF_BUFG_inst/O
                         net (fo=3610, routed)        0.632     1.552    top/ifft_wrapper/xfft_0/<hidden>/<hidden>/<hidden>/<hidden>/<hidden>/<hidden>/<hidden>
    SLICE_X35Y33         FDRE                                         r  top/ifft_wrapper/xfft_0/<hidden>/<hidden>/<hidden>/<hidden>/<hidden>/<hidden>/<hidden>
  -------------------------------------------------------------------    -------------------
    SLICE_X35Y33         FDRE (Prop_fdre_C_Q)         0.141     1.693 r  top/ifft_wrapper/xfft_0/<hidden>/<hidden>/<hidden>/<hidden>/<hidden>/<hidden>/<hidden>
                         net (fo=1, routed)           0.056     1.749    top/ifft_wrapper/xfft_0/<hidden>/<hidden>/<hidden>/<hidden>/<hidden>/<hidden>/<hidden>
    SLICE_X34Y33         SRL16E                                       r  top/ifft_wrapper/xfft_0/<hidden>/<hidden>/<hidden>/<hidden>/<hidden>/<hidden>/<hidden>
  -------------------------------------------------------------------    -------------------

                         (clock sys_clk_pin rise edge)
                                                      0.000     0.000 r  
    E3                                                0.000     0.000 r  clk (IN)
                         net (fo=0)                   0.000     0.000    clk
    E3                   IBUF (Prop_ibuf_I_O)         0.438     0.438 r  clk_IBUF_inst/O
                         net (fo=1, routed)           0.699     1.136    clk_IBUF
    BUFGCTRL_X0Y16       BUFG (Prop_bufg_I_O)         0.029     1.165 r  clk_IBUF_BUFG_inst/O
                         net (fo=3610, routed)        0.904     2.069    top/ifft_wrapper/xfft_0/<hidden>/<hidden>/<hidden>/<hidden>/<hidden>/<hidden>/<hidden>
    SLICE_X34Y33         SRL16E                                       r  top/ifft_wrapper/xfft_0/<hidden>/<hidden>/<hidden>/<hidden>/<hidden>/<hidden>/<hidden>
                         clock pessimism             -0.504     1.565    
    SLICE_X34Y33         SRL16E (Hold_srl16e_CLK_D)
                                                      0.117     1.682    top/ifft_wrapper/xfft_0/<hidden>/<hidden>/<hidden>/<hidden>/<hidden>/<hidden>/<hidden>
  -------------------------------------------------------------------
                         required time                         -1.682    
                         arrival time                           1.749    
  -------------------------------------------------------------------
                         slack                                  0.067    





Pulse Width Checks
--------------------------------------------------------------------------------------
Clock Name:         sys_clk_pin
Waveform(ns):       { 0.000 5.000 }
Period(ns):         10.000
Sources:            { clk }

Check Type        Corner  Lib Pin             Reference Pin  Required(ns)  Actual(ns)  Slack(ns)  Location     Pin
Min Period        n/a     RAMB18E1/CLKARDCLK  n/a            2.944         10.000      7.056      RAMB18_X0Y8  u_cp/mem_reg[0][im]/CLKARDCLK
Min Period        n/a     RAMB18E1/CLKARDCLK  n/a            2.944         10.000      7.056      RAMB18_X0Y6  u_cp/mem_reg[0][re]/CLKARDCLK
Min Period        n/a     RAMB18E1/CLKBWRCLK  n/a            2.576         10.000      7.424      RAMB18_X0Y8  u_cp/mem_reg[0][im]/CLKBWRCLK
Min Period        n/a     RAMB18E1/CLKBWRCLK  n/a            2.576         10.000      7.424      RAMB18_X0Y6  u_cp/mem_reg[0][re]/CLKBWRCLK
Min Period        n/a     RAMB36E1/CLKARDCLK  n/a            2.576         10.000      7.424      RAMB36_X0Y6  u_fifo/u_fifo/U0/inst_fifo_gen/gconvfifo.rf/grf.rf/gntv_or_sync_fifo.mem/gbm.gbmg.gbmga.ngecc.bmg/inst_blk_mem_gen/gnbram.gnativebmg.native_blk_mem_gen/valid.cstr/ramloop[0].ram.r/prim_noinit.ram/DEVICE_7SERIES.NO_BMM_INFO.SDP.SIMPLE_PRIM36.ram/CLKARDCLK
Min Period        n/a     RAMB36E1/CLKBWRCLK  n/a            2.576         10.000      7.424      RAMB36_X0Y6  u_fifo/u_fifo/U0/inst_fifo_gen/gconvfifo.rf/grf.rf/gntv_or_sync_fifo.mem/gbm.gbmg.gbmga.ngecc.bmg/inst_blk_mem_gen/gnbram.gnativebmg.native_blk_mem_gen/valid.cstr/ramloop[0].ram.r/prim_noinit.ram/DEVICE_7SERIES.NO_BMM_INFO.SDP.SIMPLE_PRIM36.ram/CLKBWRCLK
Min Period        n/a     RAMB36E1/CLKARDCLK  n/a            2.576         10.000      7.424      RAMB36_X0Y5  u_fifo/u_fifo/U0/inst_fifo_gen/gconvfifo.rf/grf.rf/gntv_or_sync_fifo.mem/gbm.gbmg.gbmga.ngecc.bmg/inst_blk_mem_gen/gnbram.gnativebmg.native_blk_mem_gen/valid.cstr/ramloop[1].ram.r/prim_noinit.ram/DEVICE_7SERIES.NO_BMM_INFO.SDP.SIMPLE_PRIM36.ram/CLKARDCLK
Min Period        n/a     RAMB36E1/CLKBWRCLK  n/a            2.576         10.000      7.424      RAMB36_X0Y5  u_fifo/u_fifo/U0/inst_fifo_gen/gconvfifo.rf/grf.rf/gntv_or_sync_fifo.mem/gbm.gbmg.gbmga.ngecc.bmg/inst_blk_mem_gen/gnbram.gnativebmg.native_blk_mem_gen/valid.cstr/ramloop[1].ram.r/prim_noinit.ram/DEVICE_7SERIES.NO_BMM_INFO.SDP.SIMPLE_PRIM36.ram/CLKBWRCLK
Min Period        n/a     RAMB18E1/CLKARDCLK  n/a            2.576         10.000      7.424      RAMB18_X0Y9  top/ifft_wrapper/xfft_0/<hidden>/<hidden>/<hidden>/<hidden>/<hidden>/<hidden>
Min Period        n/a     RAMB18E1/CLKBWRCLK  n/a            2.576         10.000      7.424      RAMB18_X0Y9  top/ifft_wrapper/xfft_0/<hidden>/<hidden>/<hidden>/<hidden>/<hidden>/<hidden>
Low Pulse Width   Slow    SRL16E/CLK          n/a            0.980         5.000       4.020      SLICE_X8Y30  top/ifft_wrapper/xfft_0/<hidden>/<hidden>/<hidden>/<hidden>/<hidden>/<hidden>
Low Pulse Width   Fast    SRL16E/CLK          n/a            0.980         5.000       4.020      SLICE_X8Y30  top/ifft_wrapper/xfft_0/<hidden>/<hidden>/<hidden>/<hidden>/<hidden>/<hidden>
Low Pulse Width   Slow    SRL16E/CLK          n/a            0.980         5.000       4.020      SLICE_X8Y30  top/ifft_wrapper/xfft_0/<hidden>/<hidden>/<hidden>/<hidden>/<hidden>/<hidden>
Low Pulse Width   Fast    SRL16E/CLK          n/a            0.980         5.000       4.020      SLICE_X8Y30  top/ifft_wrapper/xfft_0/<hidden>/<hidden>/<hidden>/<hidden>/<hidden>/<hidden>
Low Pulse Width   Slow    SRL16E/CLK          n/a            0.980         5.000       4.020      SLICE_X8Y30  top/ifft_wrapper/xfft_0/<hidden>/<hidden>/<hidden>/<hidden>/<hidden>/<hidden>
Low Pulse Width   Fast    SRL16E/CLK          n/a            0.980         5.000       4.020      SLICE_X8Y30  top/ifft_wrapper/xfft_0/<hidden>/<hidden>/<hidden>/<hidden>/<hidden>/<hidden>
Low Pulse Width   Slow    SRL16E/CLK          n/a            0.980         5.000       4.020      SLICE_X8Y21  top/ifft_wrapper/xfft_0/<hidden>/<hidden>/<hidden>/<hidden>/<hidden>/<hidden>
Low Pulse Width   Fast    SRL16E/CLK          n/a            0.980         5.000       4.020      SLICE_X8Y21  top/ifft_wrapper/xfft_0/<hidden>/<hidden>/<hidden>/<hidden>/<hidden>/<hidden>
Low Pulse Width   Slow    SRL16E/CLK          n/a            0.980         5.000       4.020      SLICE_X8Y21  top/ifft_wrapper/xfft_0/<hidden>/<hidden>/<hidden>/<hidden>/<hidden>/<hidden>
Low Pulse Width   Fast    SRL16E/CLK          n/a            0.980         5.000       4.020      SLICE_X8Y21  top/ifft_wrapper/xfft_0/<hidden>/<hidden>/<hidden>/<hidden>/<hidden>/<hidden>
High Pulse Width  Slow    SRL16E/CLK          n/a            0.980         5.000       4.020      SLICE_X8Y30  top/ifft_wrapper/xfft_0/<hidden>/<hidden>/<hidden>/<hidden>/<hidden>/<hidden>
High Pulse Width  Fast    SRL16E/CLK          n/a            0.980         5.000       4.020      SLICE_X8Y30  top/ifft_wrapper/xfft_0/<hidden>/<hidden>/<hidden>/<hidden>/<hidden>/<hidden>
High Pulse Width  Slow    SRL16E/CLK          n/a            0.980         5.000       4.020      SLICE_X8Y30  top/ifft_wrapper/xfft_0/<hidden>/<hidden>/<hidden>/<hidden>/<hidden>/<hidden>
High Pulse Width  Fast    SRL16E/CLK          n/a            0.980         5.000       4.020      SLICE_X8Y30  top/ifft_wrapper/xfft_0/<hidden>/<hidden>/<hidden>/<hidden>/<hidden>/<hidden>
High Pulse Width  Slow    SRL16E/CLK          n/a            0.980         5.000       4.020      SLICE_X8Y30  top/ifft_wrapper/xfft_0/<hidden>/<hidden>/<hidden>/<hidden>/<hidden>/<hidden>
High Pulse Width  Fast    SRL16E/CLK          n/a            0.980         5.000       4.020      SLICE_X8Y30  top/ifft_wrapper/xfft_0/<hidden>/<hidden>/<hidden>/<hidden>/<hidden>/<hidden>
High Pulse Width  Slow    SRL16E/CLK          n/a            0.980         5.000       4.020      SLICE_X8Y21  top/ifft_wrapper/xfft_0/<hidden>/<hidden>/<hidden>/<hidden>/<hidden>/<hidden>
High Pulse Width  Fast    SRL16E/CLK          n/a            0.980         5.000       4.020      SLICE_X8Y21  top/ifft_wrapper/xfft_0/<hidden>/<hidden>/<hidden>/<hidden>/<hidden>/<hidden>
High Pulse Width  Slow    SRL16E/CLK          n/a            0.980         5.000       4.020      SLICE_X8Y21  top/ifft_wrapper/xfft_0/<hidden>/<hidden>/<hidden>/<hidden>/<hidden>/<hidden>
High Pulse Width  Fast    SRL16E/CLK          n/a            0.980         5.000       4.020      SLICE_X8Y21  top/ifft_wrapper/xfft_0/<hidden>/<hidden>/<hidden>/<hidden>/<hidden>/<hidden>



---------------------------------------------------------------------------------------------------
Path Group:  **async_default**
From Clock:  sys_clk_pin
  To Clock:  sys_clk_pin

Setup :            0  Failing Endpoints,  Worst Slack        4.141ns,  Total Violation        0.000ns
Hold  :            0  Failing Endpoints,  Worst Slack        1.040ns,  Total Violation        0.000ns
---------------------------------------------------------------------------------------------------


Max Delay Paths
--------------------------------------------------------------------------------------
Slack (MET) :             4.141ns  (required time - arrival time)
  Source:                 por_done_reg/C
                            (rising edge-triggered cell FDRE clocked by sys_clk_pin  {rise@0.000ns fall@5.000ns period=10.000ns})
  Destination:            u_cp/FSM_onehot_state_reg[1]/CLR
                            (recovery check against rising-edge clock sys_clk_pin  {rise@0.000ns fall@5.000ns period=10.000ns})
  Path Group:             **async_default**
  Path Type:              Recovery (Max at Slow Process Corner)
  Requirement:            10.000ns  (sys_clk_pin rise@10.000ns - sys_clk_pin rise@0.000ns)
  Data Path Delay:        5.384ns  (logic 0.580ns (10.773%)  route 4.804ns (89.227%))
  Logic Levels:           1  (LUT2=1)
  Clock Path Skew:        -0.035ns (DCD - SCD + CPR)
    Destination Clock Delay (DCD):    5.106ns = ( 15.106 - 10.000 ) 
    Source Clock Delay      (SCD):    5.329ns
    Clock Pessimism Removal (CPR):    0.187ns
  Clock Uncertainty:      0.035ns  ((TSJ^2 + TIJ^2)^1/2 + DJ) / 2 + PE
    Total System Jitter     (TSJ):    0.071ns
    Total Input Jitter      (TIJ):    0.000ns
    Discrete Jitter          (DJ):    0.000ns
    Phase Error              (PE):    0.000ns

    Location             Delay type                Incr(ns)  Path(ns)    Netlist Resource(s)
  -------------------------------------------------------------------    -------------------
                         (clock sys_clk_pin rise edge)
                                                      0.000     0.000 r  
    E3                                                0.000     0.000 r  clk (IN)
                         net (fo=0)                   0.000     0.000    clk
    E3                   IBUF (Prop_ibuf_I_O)         1.482     1.482 r  clk_IBUF_inst/O
                         net (fo=1, routed)           2.025     3.506    clk_IBUF
    BUFGCTRL_X0Y16       BUFG (Prop_bufg_I_O)         0.096     3.602 r  clk_IBUF_BUFG_inst/O
                         net (fo=3610, routed)        1.726     5.329    clk_IBUF_BUFG
    SLICE_X0Y97          FDRE                                         r  por_done_reg/C
  -------------------------------------------------------------------    -------------------
    SLICE_X0Y97          FDRE (Prop_fdre_C_Q)         0.456     5.785 r  por_done_reg/Q
                         net (fo=5, routed)           0.534     6.319    u_ser/led_OBUF[0]
    SLICE_X0Y97          LUT2 (Prop_lut2_I1_O)        0.124     6.443 f  u_ser/FSM_onehot_state[3]_i_2/O
                         net (fo=193, routed)         4.270    10.712    u_cp/FSM_onehot_state_reg[0]_0
    SLICE_X9Y17          FDCE                                         f  u_cp/FSM_onehot_state_reg[1]/CLR
  -------------------------------------------------------------------    -------------------

                         (clock sys_clk_pin rise edge)
                                                     10.000    10.000 r  
    E3                                                0.000    10.000 r  clk (IN)
                         net (fo=0)                   0.000    10.000    clk
    E3                   IBUF (Prop_ibuf_I_O)         1.411    11.411 r  clk_IBUF_inst/O
                         net (fo=1, routed)           1.920    13.331    clk_IBUF
    BUFGCTRL_X0Y16       BUFG (Prop_bufg_I_O)         0.091    13.422 r  clk_IBUF_BUFG_inst/O
                         net (fo=3610, routed)        1.684    15.106    u_cp/clk_IBUF_BUFG
    SLICE_X9Y17          FDCE                                         r  u_cp/FSM_onehot_state_reg[1]/C
                         clock pessimism              0.187    15.293    
                         clock uncertainty           -0.035    15.258    
    SLICE_X9Y17          FDCE (Recov_fdce_C_CLR)     -0.405    14.853    u_cp/FSM_onehot_state_reg[1]
  -------------------------------------------------------------------
                         required time                         14.853    
                         arrival time                         -10.712    
  -------------------------------------------------------------------
                         slack                                  4.141    

Slack (MET) :             4.141ns  (required time - arrival time)
  Source:                 por_done_reg/C
                            (rising edge-triggered cell FDRE clocked by sys_clk_pin  {rise@0.000ns fall@5.000ns period=10.000ns})
  Destination:            u_cp/FSM_onehot_state_reg[2]/CLR
                            (recovery check against rising-edge clock sys_clk_pin  {rise@0.000ns fall@5.000ns period=10.000ns})
  Path Group:             **async_default**
  Path Type:              Recovery (Max at Slow Process Corner)
  Requirement:            10.000ns  (sys_clk_pin rise@10.000ns - sys_clk_pin rise@0.000ns)
  Data Path Delay:        5.384ns  (logic 0.580ns (10.773%)  route 4.804ns (89.227%))
  Logic Levels:           1  (LUT2=1)
  Clock Path Skew:        -0.035ns (DCD - SCD + CPR)
    Destination Clock Delay (DCD):    5.106ns = ( 15.106 - 10.000 ) 
    Source Clock Delay      (SCD):    5.329ns
    Clock Pessimism Removal (CPR):    0.187ns
  Clock Uncertainty:      0.035ns  ((TSJ^2 + TIJ^2)^1/2 + DJ) / 2 + PE
    Total System Jitter     (TSJ):    0.071ns
    Total Input Jitter      (TIJ):    0.000ns
    Discrete Jitter          (DJ):    0.000ns
    Phase Error              (PE):    0.000ns

    Location             Delay type                Incr(ns)  Path(ns)    Netlist Resource(s)
  -------------------------------------------------------------------    -------------------
                         (clock sys_clk_pin rise edge)
                                                      0.000     0.000 r  
    E3                                                0.000     0.000 r  clk (IN)
                         net (fo=0)                   0.000     0.000    clk
    E3                   IBUF (Prop_ibuf_I_O)         1.482     1.482 r  clk_IBUF_inst/O
                         net (fo=1, routed)           2.025     3.506    clk_IBUF
    BUFGCTRL_X0Y16       BUFG (Prop_bufg_I_O)         0.096     3.602 r  clk_IBUF_BUFG_inst/O
                         net (fo=3610, routed)        1.726     5.329    clk_IBUF_BUFG
    SLICE_X0Y97          FDRE                                         r  por_done_reg/C
  -------------------------------------------------------------------    -------------------
    SLICE_X0Y97          FDRE (Prop_fdre_C_Q)         0.456     5.785 r  por_done_reg/Q
                         net (fo=5, routed)           0.534     6.319    u_ser/led_OBUF[0]
    SLICE_X0Y97          LUT2 (Prop_lut2_I1_O)        0.124     6.443 f  u_ser/FSM_onehot_state[3]_i_2/O
                         net (fo=193, routed)         4.270    10.712    u_cp/FSM_onehot_state_reg[0]_0
    SLICE_X9Y17          FDCE                                         f  u_cp/FSM_onehot_state_reg[2]/CLR
  -------------------------------------------------------------------    -------------------

                         (clock sys_clk_pin rise edge)
                                                     10.000    10.000 r  
    E3                                                0.000    10.000 r  clk (IN)
                         net (fo=0)                   0.000    10.000    clk
    E3                   IBUF (Prop_ibuf_I_O)         1.411    11.411 r  clk_IBUF_inst/O
                         net (fo=1, routed)           1.920    13.331    clk_IBUF
    BUFGCTRL_X0Y16       BUFG (Prop_bufg_I_O)         0.091    13.422 r  clk_IBUF_BUFG_inst/O
                         net (fo=3610, routed)        1.684    15.106    u_cp/clk_IBUF_BUFG
    SLICE_X9Y17          FDCE                                         r  u_cp/FSM_onehot_state_reg[2]/C
                         clock pessimism              0.187    15.293    
                         clock uncertainty           -0.035    15.258    
    SLICE_X9Y17          FDCE (Recov_fdce_C_CLR)     -0.405    14.853    u_cp/FSM_onehot_state_reg[2]
  -------------------------------------------------------------------
                         required time                         14.853    
                         arrival time                         -10.712    
  -------------------------------------------------------------------
                         slack                                  4.141    

Slack (MET) :             4.141ns  (required time - arrival time)
  Source:                 por_done_reg/C
                            (rising edge-triggered cell FDRE clocked by sys_clk_pin  {rise@0.000ns fall@5.000ns period=10.000ns})
  Destination:            u_cp/rd_idx_reg[4]/CLR
                            (recovery check against rising-edge clock sys_clk_pin  {rise@0.000ns fall@5.000ns period=10.000ns})
  Path Group:             **async_default**
  Path Type:              Recovery (Max at Slow Process Corner)
  Requirement:            10.000ns  (sys_clk_pin rise@10.000ns - sys_clk_pin rise@0.000ns)
  Data Path Delay:        5.384ns  (logic 0.580ns (10.773%)  route 4.804ns (89.227%))
  Logic Levels:           1  (LUT2=1)
  Clock Path Skew:        -0.035ns (DCD - SCD + CPR)
    Destination Clock Delay (DCD):    5.106ns = ( 15.106 - 10.000 ) 
    Source Clock Delay      (SCD):    5.329ns
    Clock Pessimism Removal (CPR):    0.187ns
  Clock Uncertainty:      0.035ns  ((TSJ^2 + TIJ^2)^1/2 + DJ) / 2 + PE
    Total System Jitter     (TSJ):    0.071ns
    Total Input Jitter      (TIJ):    0.000ns
    Discrete Jitter          (DJ):    0.000ns
    Phase Error              (PE):    0.000ns

    Location             Delay type                Incr(ns)  Path(ns)    Netlist Resource(s)
  -------------------------------------------------------------------    -------------------
                         (clock sys_clk_pin rise edge)
                                                      0.000     0.000 r  
    E3                                                0.000     0.000 r  clk (IN)
                         net (fo=0)                   0.000     0.000    clk
    E3                   IBUF (Prop_ibuf_I_O)         1.482     1.482 r  clk_IBUF_inst/O
                         net (fo=1, routed)           2.025     3.506    clk_IBUF
    BUFGCTRL_X0Y16       BUFG (Prop_bufg_I_O)         0.096     3.602 r  clk_IBUF_BUFG_inst/O
                         net (fo=3610, routed)        1.726     5.329    clk_IBUF_BUFG
    SLICE_X0Y97          FDRE                                         r  por_done_reg/C
  -------------------------------------------------------------------    -------------------
    SLICE_X0Y97          FDRE (Prop_fdre_C_Q)         0.456     5.785 r  por_done_reg/Q
                         net (fo=5, routed)           0.534     6.319    u_ser/led_OBUF[0]
    SLICE_X0Y97          LUT2 (Prop_lut2_I1_O)        0.124     6.443 f  u_ser/FSM_onehot_state[3]_i_2/O
                         net (fo=193, routed)         4.270    10.712    u_cp/FSM_onehot_state_reg[0]_0
    SLICE_X9Y17          FDCE                                         f  u_cp/rd_idx_reg[4]/CLR
  -------------------------------------------------------------------    -------------------

                         (clock sys_clk_pin rise edge)
                                                     10.000    10.000 r  
    E3                                                0.000    10.000 r  clk (IN)
                         net (fo=0)                   0.000    10.000    clk
    E3                   IBUF (Prop_ibuf_I_O)         1.411    11.411 r  clk_IBUF_inst/O
                         net (fo=1, routed)           1.920    13.331    clk_IBUF
    BUFGCTRL_X0Y16       BUFG (Prop_bufg_I_O)         0.091    13.422 r  clk_IBUF_BUFG_inst/O
                         net (fo=3610, routed)        1.684    15.106    u_cp/clk_IBUF_BUFG
    SLICE_X9Y17          FDCE                                         r  u_cp/rd_idx_reg[4]/C
                         clock pessimism              0.187    15.293    
                         clock uncertainty           -0.035    15.258    
    SLICE_X9Y17          FDCE (Recov_fdce_C_CLR)     -0.405    14.853    u_cp/rd_idx_reg[4]
  -------------------------------------------------------------------
                         required time                         14.853    
                         arrival time                         -10.712    
  -------------------------------------------------------------------
                         slack                                  4.141    

Slack (MET) :             4.141ns  (required time - arrival time)
  Source:                 por_done_reg/C
                            (rising edge-triggered cell FDRE clocked by sys_clk_pin  {rise@0.000ns fall@5.000ns period=10.000ns})
  Destination:            u_cp/rd_idx_reg[5]/CLR
                            (recovery check against rising-edge clock sys_clk_pin  {rise@0.000ns fall@5.000ns period=10.000ns})
  Path Group:             **async_default**
  Path Type:              Recovery (Max at Slow Process Corner)
  Requirement:            10.000ns  (sys_clk_pin rise@10.000ns - sys_clk_pin rise@0.000ns)
  Data Path Delay:        5.384ns  (logic 0.580ns (10.773%)  route 4.804ns (89.227%))
  Logic Levels:           1  (LUT2=1)
  Clock Path Skew:        -0.035ns (DCD - SCD + CPR)
    Destination Clock Delay (DCD):    5.106ns = ( 15.106 - 10.000 ) 
    Source Clock Delay      (SCD):    5.329ns
    Clock Pessimism Removal (CPR):    0.187ns
  Clock Uncertainty:      0.035ns  ((TSJ^2 + TIJ^2)^1/2 + DJ) / 2 + PE
    Total System Jitter     (TSJ):    0.071ns
    Total Input Jitter      (TIJ):    0.000ns
    Discrete Jitter          (DJ):    0.000ns
    Phase Error              (PE):    0.000ns

    Location             Delay type                Incr(ns)  Path(ns)    Netlist Resource(s)
  -------------------------------------------------------------------    -------------------
                         (clock sys_clk_pin rise edge)
                                                      0.000     0.000 r  
    E3                                                0.000     0.000 r  clk (IN)
                         net (fo=0)                   0.000     0.000    clk
    E3                   IBUF (Prop_ibuf_I_O)         1.482     1.482 r  clk_IBUF_inst/O
                         net (fo=1, routed)           2.025     3.506    clk_IBUF
    BUFGCTRL_X0Y16       BUFG (Prop_bufg_I_O)         0.096     3.602 r  clk_IBUF_BUFG_inst/O
                         net (fo=3610, routed)        1.726     5.329    clk_IBUF_BUFG
    SLICE_X0Y97          FDRE                                         r  por_done_reg/C
  -------------------------------------------------------------------    -------------------
    SLICE_X0Y97          FDRE (Prop_fdre_C_Q)         0.456     5.785 r  por_done_reg/Q
                         net (fo=5, routed)           0.534     6.319    u_ser/led_OBUF[0]
    SLICE_X0Y97          LUT2 (Prop_lut2_I1_O)        0.124     6.443 f  u_ser/FSM_onehot_state[3]_i_2/O
                         net (fo=193, routed)         4.270    10.712    u_cp/FSM_onehot_state_reg[0]_0
    SLICE_X9Y17          FDCE                                         f  u_cp/rd_idx_reg[5]/CLR
  -------------------------------------------------------------------    -------------------

                         (clock sys_clk_pin rise edge)
                                                     10.000    10.000 r  
    E3                                                0.000    10.000 r  clk (IN)
                         net (fo=0)                   0.000    10.000    clk
    E3                   IBUF (Prop_ibuf_I_O)         1.411    11.411 r  clk_IBUF_inst/O
                         net (fo=1, routed)           1.920    13.331    clk_IBUF
    BUFGCTRL_X0Y16       BUFG (Prop_bufg_I_O)         0.091    13.422 r  clk_IBUF_BUFG_inst/O
                         net (fo=3610, routed)        1.684    15.106    u_cp/clk_IBUF_BUFG
    SLICE_X9Y17          FDCE                                         r  u_cp/rd_idx_reg[5]/C
                         clock pessimism              0.187    15.293    
                         clock uncertainty           -0.035    15.258    
    SLICE_X9Y17          FDCE (Recov_fdce_C_CLR)     -0.405    14.853    u_cp/rd_idx_reg[5]
  -------------------------------------------------------------------
                         required time                         14.853    
                         arrival time                         -10.712    
  -------------------------------------------------------------------
                         slack                                  4.141    

Slack (MET) :             4.141ns  (required time - arrival time)
  Source:                 por_done_reg/C
                            (rising edge-triggered cell FDRE clocked by sys_clk_pin  {rise@0.000ns fall@5.000ns period=10.000ns})
  Destination:            u_cp/rd_idx_reg[6]/CLR
                            (recovery check against rising-edge clock sys_clk_pin  {rise@0.000ns fall@5.000ns period=10.000ns})
  Path Group:             **async_default**
  Path Type:              Recovery (Max at Slow Process Corner)
  Requirement:            10.000ns  (sys_clk_pin rise@10.000ns - sys_clk_pin rise@0.000ns)
  Data Path Delay:        5.384ns  (logic 0.580ns (10.773%)  route 4.804ns (89.227%))
  Logic Levels:           1  (LUT2=1)
  Clock Path Skew:        -0.035ns (DCD - SCD + CPR)
    Destination Clock Delay (DCD):    5.106ns = ( 15.106 - 10.000 ) 
    Source Clock Delay      (SCD):    5.329ns
    Clock Pessimism Removal (CPR):    0.187ns
  Clock Uncertainty:      0.035ns  ((TSJ^2 + TIJ^2)^1/2 + DJ) / 2 + PE
    Total System Jitter     (TSJ):    0.071ns
    Total Input Jitter      (TIJ):    0.000ns
    Discrete Jitter          (DJ):    0.000ns
    Phase Error              (PE):    0.000ns

    Location             Delay type                Incr(ns)  Path(ns)    Netlist Resource(s)
  -------------------------------------------------------------------    -------------------
                         (clock sys_clk_pin rise edge)
                                                      0.000     0.000 r  
    E3                                                0.000     0.000 r  clk (IN)
                         net (fo=0)                   0.000     0.000    clk
    E3                   IBUF (Prop_ibuf_I_O)         1.482     1.482 r  clk_IBUF_inst/O
                         net (fo=1, routed)           2.025     3.506    clk_IBUF
    BUFGCTRL_X0Y16       BUFG (Prop_bufg_I_O)         0.096     3.602 r  clk_IBUF_BUFG_inst/O
                         net (fo=3610, routed)        1.726     5.329    clk_IBUF_BUFG
    SLICE_X0Y97          FDRE                                         r  por_done_reg/C
  -------------------------------------------------------------------    -------------------
    SLICE_X0Y97          FDRE (Prop_fdre_C_Q)         0.456     5.785 r  por_done_reg/Q
                         net (fo=5, routed)           0.534     6.319    u_ser/led_OBUF[0]
    SLICE_X0Y97          LUT2 (Prop_lut2_I1_O)        0.124     6.443 f  u_ser/FSM_onehot_state[3]_i_2/O
                         net (fo=193, routed)         4.270    10.712    u_cp/FSM_onehot_state_reg[0]_0
    SLICE_X9Y17          FDCE                                         f  u_cp/rd_idx_reg[6]/CLR
  -------------------------------------------------------------------    -------------------

                         (clock sys_clk_pin rise edge)
                                                     10.000    10.000 r  
    E3                                                0.000    10.000 r  clk (IN)
                         net (fo=0)                   0.000    10.000    clk
    E3                   IBUF (Prop_ibuf_I_O)         1.411    11.411 r  clk_IBUF_inst/O
                         net (fo=1, routed)           1.920    13.331    clk_IBUF
    BUFGCTRL_X0Y16       BUFG (Prop_bufg_I_O)         0.091    13.422 r  clk_IBUF_BUFG_inst/O
                         net (fo=3610, routed)        1.684    15.106    u_cp/clk_IBUF_BUFG
    SLICE_X9Y17          FDCE                                         r  u_cp/rd_idx_reg[6]/C
                         clock pessimism              0.187    15.293    
                         clock uncertainty           -0.035    15.258    
    SLICE_X9Y17          FDCE (Recov_fdce_C_CLR)     -0.405    14.853    u_cp/rd_idx_reg[6]
  -------------------------------------------------------------------
                         required time                         14.853    
                         arrival time                         -10.712    
  -------------------------------------------------------------------
                         slack                                  4.141    

Slack (MET) :             4.170ns  (required time - arrival time)
  Source:                 por_done_reg/C
                            (rising edge-triggered cell FDRE clocked by sys_clk_pin  {rise@0.000ns fall@5.000ns period=10.000ns})
  Destination:            u_ser/word_reg_reg[im][10]/CLR
                            (recovery check against rising-edge clock sys_clk_pin  {rise@0.000ns fall@5.000ns period=10.000ns})
  Path Group:             **async_default**
  Path Type:              Recovery (Max at Slow Process Corner)
  Requirement:            10.000ns  (sys_clk_pin rise@10.000ns - sys_clk_pin rise@0.000ns)
  Data Path Delay:        5.351ns  (logic 0.580ns (10.838%)  route 4.771ns (89.162%))
  Logic Levels:           1  (LUT2=1)
  Clock Path Skew:        -0.038ns (DCD - SCD + CPR)
    Destination Clock Delay (DCD):    5.103ns = ( 15.103 - 10.000 ) 
    Source Clock Delay      (SCD):    5.329ns
    Clock Pessimism Removal (CPR):    0.187ns
  Clock Uncertainty:      0.035ns  ((TSJ^2 + TIJ^2)^1/2 + DJ) / 2 + PE
    Total System Jitter     (TSJ):    0.071ns
    Total Input Jitter      (TIJ):    0.000ns
    Discrete Jitter          (DJ):    0.000ns
    Phase Error              (PE):    0.000ns

    Location             Delay type                Incr(ns)  Path(ns)    Netlist Resource(s)
  -------------------------------------------------------------------    -------------------
                         (clock sys_clk_pin rise edge)
                                                      0.000     0.000 r  
    E3                                                0.000     0.000 r  clk (IN)
                         net (fo=0)                   0.000     0.000    clk
    E3                   IBUF (Prop_ibuf_I_O)         1.482     1.482 r  clk_IBUF_inst/O
                         net (fo=1, routed)           2.025     3.506    clk_IBUF
    BUFGCTRL_X0Y16       BUFG (Prop_bufg_I_O)         0.096     3.602 r  clk_IBUF_BUFG_inst/O
                         net (fo=3610, routed)        1.726     5.329    clk_IBUF_BUFG
    SLICE_X0Y97          FDRE                                         r  por_done_reg/C
  -------------------------------------------------------------------    -------------------
    SLICE_X0Y97          FDRE (Prop_fdre_C_Q)         0.456     5.785 r  por_done_reg/Q
                         net (fo=5, routed)           0.534     6.319    u_ser/led_OBUF[0]
    SLICE_X0Y97          LUT2 (Prop_lut2_I1_O)        0.124     6.443 f  u_ser/FSM_onehot_state[3]_i_2/O
                         net (fo=193, routed)         4.237    10.680    u_ser/por_done_reg
    SLICE_X11Y28         FDCE                                         f  u_ser/word_reg_reg[im][10]/CLR
  -------------------------------------------------------------------    -------------------

                         (clock sys_clk_pin rise edge)
                                                     10.000    10.000 r  
    E3                                                0.000    10.000 r  clk (IN)
                         net (fo=0)                   0.000    10.000    clk
    E3                   IBUF (Prop_ibuf_I_O)         1.411    11.411 r  clk_IBUF_inst/O
                         net (fo=1, routed)           1.920    13.331    clk_IBUF
    BUFGCTRL_X0Y16       BUFG (Prop_bufg_I_O)         0.091    13.422 r  clk_IBUF_BUFG_inst/O
                         net (fo=3610, routed)        1.681    15.103    u_ser/CLK
    SLICE_X11Y28         FDCE                                         r  u_ser/word_reg_reg[im][10]/C
                         clock pessimism              0.187    15.290    
                         clock uncertainty           -0.035    15.255    
    SLICE_X11Y28         FDCE (Recov_fdce_C_CLR)     -0.405    14.850    u_ser/word_reg_reg[im][10]
  -------------------------------------------------------------------
                         required time                         14.850    
                         arrival time                         -10.680    
  -------------------------------------------------------------------
                         slack                                  4.170    

Slack (MET) :             4.170ns  (required time - arrival time)
  Source:                 por_done_reg/C
                            (rising edge-triggered cell FDRE clocked by sys_clk_pin  {rise@0.000ns fall@5.000ns period=10.000ns})
  Destination:            u_ser/word_reg_reg[re][10]/CLR
                            (recovery check against rising-edge clock sys_clk_pin  {rise@0.000ns fall@5.000ns period=10.000ns})
  Path Group:             **async_default**
  Path Type:              Recovery (Max at Slow Process Corner)
  Requirement:            10.000ns  (sys_clk_pin rise@10.000ns - sys_clk_pin rise@0.000ns)
  Data Path Delay:        5.351ns  (logic 0.580ns (10.838%)  route 4.771ns (89.162%))
  Logic Levels:           1  (LUT2=1)
  Clock Path Skew:        -0.038ns (DCD - SCD + CPR)
    Destination Clock Delay (DCD):    5.103ns = ( 15.103 - 10.000 ) 
    Source Clock Delay      (SCD):    5.329ns
    Clock Pessimism Removal (CPR):    0.187ns
  Clock Uncertainty:      0.035ns  ((TSJ^2 + TIJ^2)^1/2 + DJ) / 2 + PE
    Total System Jitter     (TSJ):    0.071ns
    Total Input Jitter      (TIJ):    0.000ns
    Discrete Jitter          (DJ):    0.000ns
    Phase Error              (PE):    0.000ns

    Location             Delay type                Incr(ns)  Path(ns)    Netlist Resource(s)
  -------------------------------------------------------------------    -------------------
                         (clock sys_clk_pin rise edge)
                                                      0.000     0.000 r  
    E3                                                0.000     0.000 r  clk (IN)
                         net (fo=0)                   0.000     0.000    clk
    E3                   IBUF (Prop_ibuf_I_O)         1.482     1.482 r  clk_IBUF_inst/O
                         net (fo=1, routed)           2.025     3.506    clk_IBUF
    BUFGCTRL_X0Y16       BUFG (Prop_bufg_I_O)         0.096     3.602 r  clk_IBUF_BUFG_inst/O
                         net (fo=3610, routed)        1.726     5.329    clk_IBUF_BUFG
    SLICE_X0Y97          FDRE                                         r  por_done_reg/C
  -------------------------------------------------------------------    -------------------
    SLICE_X0Y97          FDRE (Prop_fdre_C_Q)         0.456     5.785 r  por_done_reg/Q
                         net (fo=5, routed)           0.534     6.319    u_ser/led_OBUF[0]
    SLICE_X0Y97          LUT2 (Prop_lut2_I1_O)        0.124     6.443 f  u_ser/FSM_onehot_state[3]_i_2/O
                         net (fo=193, routed)         4.237    10.680    u_ser/por_done_reg
    SLICE_X11Y28         FDCE                                         f  u_ser/word_reg_reg[re][10]/CLR
  -------------------------------------------------------------------    -------------------

                         (clock sys_clk_pin rise edge)
                                                     10.000    10.000 r  
    E3                                                0.000    10.000 r  clk (IN)
                         net (fo=0)                   0.000    10.000    clk
    E3                   IBUF (Prop_ibuf_I_O)         1.411    11.411 r  clk_IBUF_inst/O
                         net (fo=1, routed)           1.920    13.331    clk_IBUF
    BUFGCTRL_X0Y16       BUFG (Prop_bufg_I_O)         0.091    13.422 r  clk_IBUF_BUFG_inst/O
                         net (fo=3610, routed)        1.681    15.103    u_ser/CLK
    SLICE_X11Y28         FDCE                                         r  u_ser/word_reg_reg[re][10]/C
                         clock pessimism              0.187    15.290    
                         clock uncertainty           -0.035    15.255    
    SLICE_X11Y28         FDCE (Recov_fdce_C_CLR)     -0.405    14.850    u_ser/word_reg_reg[re][10]
  -------------------------------------------------------------------
                         required time                         14.850    
                         arrival time                         -10.680    
  -------------------------------------------------------------------
                         slack                                  4.170    

Slack (MET) :             4.170ns  (required time - arrival time)
  Source:                 por_done_reg/C
                            (rising edge-triggered cell FDRE clocked by sys_clk_pin  {rise@0.000ns fall@5.000ns period=10.000ns})
  Destination:            u_ser/word_reg_reg[re][11]/CLR
                            (recovery check against rising-edge clock sys_clk_pin  {rise@0.000ns fall@5.000ns period=10.000ns})
  Path Group:             **async_default**
  Path Type:              Recovery (Max at Slow Process Corner)
  Requirement:            10.000ns  (sys_clk_pin rise@10.000ns - sys_clk_pin rise@0.000ns)
  Data Path Delay:        5.351ns  (logic 0.580ns (10.838%)  route 4.771ns (89.162%))
  Logic Levels:           1  (LUT2=1)
  Clock Path Skew:        -0.038ns (DCD - SCD + CPR)
    Destination Clock Delay (DCD):    5.103ns = ( 15.103 - 10.000 ) 
    Source Clock Delay      (SCD):    5.329ns
    Clock Pessimism Removal (CPR):    0.187ns
  Clock Uncertainty:      0.035ns  ((TSJ^2 + TIJ^2)^1/2 + DJ) / 2 + PE
    Total System Jitter     (TSJ):    0.071ns
    Total Input Jitter      (TIJ):    0.000ns
    Discrete Jitter          (DJ):    0.000ns
    Phase Error              (PE):    0.000ns

    Location             Delay type                Incr(ns)  Path(ns)    Netlist Resource(s)
  -------------------------------------------------------------------    -------------------
                         (clock sys_clk_pin rise edge)
                                                      0.000     0.000 r  
    E3                                                0.000     0.000 r  clk (IN)
                         net (fo=0)                   0.000     0.000    clk
    E3                   IBUF (Prop_ibuf_I_O)         1.482     1.482 r  clk_IBUF_inst/O
                         net (fo=1, routed)           2.025     3.506    clk_IBUF
    BUFGCTRL_X0Y16       BUFG (Prop_bufg_I_O)         0.096     3.602 r  clk_IBUF_BUFG_inst/O
                         net (fo=3610, routed)        1.726     5.329    clk_IBUF_BUFG
    SLICE_X0Y97          FDRE                                         r  por_done_reg/C
  -------------------------------------------------------------------    -------------------
    SLICE_X0Y97          FDRE (Prop_fdre_C_Q)         0.456     5.785 r  por_done_reg/Q
                         net (fo=5, routed)           0.534     6.319    u_ser/led_OBUF[0]
    SLICE_X0Y97          LUT2 (Prop_lut2_I1_O)        0.124     6.443 f  u_ser/FSM_onehot_state[3]_i_2/O
                         net (fo=193, routed)         4.237    10.680    u_ser/por_done_reg
    SLICE_X11Y28         FDCE                                         f  u_ser/word_reg_reg[re][11]/CLR
  -------------------------------------------------------------------    -------------------

                         (clock sys_clk_pin rise edge)
                                                     10.000    10.000 r  
    E3                                                0.000    10.000 r  clk (IN)
                         net (fo=0)                   0.000    10.000    clk
    E3                   IBUF (Prop_ibuf_I_O)         1.411    11.411 r  clk_IBUF_inst/O
                         net (fo=1, routed)           1.920    13.331    clk_IBUF
    BUFGCTRL_X0Y16       BUFG (Prop_bufg_I_O)         0.091    13.422 r  clk_IBUF_BUFG_inst/O
                         net (fo=3610, routed)        1.681    15.103    u_ser/CLK
    SLICE_X11Y28         FDCE                                         r  u_ser/word_reg_reg[re][11]/C
                         clock pessimism              0.187    15.290    
                         clock uncertainty           -0.035    15.255    
    SLICE_X11Y28         FDCE (Recov_fdce_C_CLR)     -0.405    14.850    u_ser/word_reg_reg[re][11]
  -------------------------------------------------------------------
                         required time                         14.850    
                         arrival time                         -10.680    
  -------------------------------------------------------------------
                         slack                                  4.170    

Slack (MET) :             4.170ns  (required time - arrival time)
  Source:                 por_done_reg/C
                            (rising edge-triggered cell FDRE clocked by sys_clk_pin  {rise@0.000ns fall@5.000ns period=10.000ns})
  Destination:            u_ser/word_reg_reg[re][15]/CLR
                            (recovery check against rising-edge clock sys_clk_pin  {rise@0.000ns fall@5.000ns period=10.000ns})
  Path Group:             **async_default**
  Path Type:              Recovery (Max at Slow Process Corner)
  Requirement:            10.000ns  (sys_clk_pin rise@10.000ns - sys_clk_pin rise@0.000ns)
  Data Path Delay:        5.351ns  (logic 0.580ns (10.838%)  route 4.771ns (89.162%))
  Logic Levels:           1  (LUT2=1)
  Clock Path Skew:        -0.038ns (DCD - SCD + CPR)
    Destination Clock Delay (DCD):    5.103ns = ( 15.103 - 10.000 ) 
    Source Clock Delay      (SCD):    5.329ns
    Clock Pessimism Removal (CPR):    0.187ns
  Clock Uncertainty:      0.035ns  ((TSJ^2 + TIJ^2)^1/2 + DJ) / 2 + PE
    Total System Jitter     (TSJ):    0.071ns
    Total Input Jitter      (TIJ):    0.000ns
    Discrete Jitter          (DJ):    0.000ns
    Phase Error              (PE):    0.000ns

    Location             Delay type                Incr(ns)  Path(ns)    Netlist Resource(s)
  -------------------------------------------------------------------    -------------------
                         (clock sys_clk_pin rise edge)
                                                      0.000     0.000 r  
    E3                                                0.000     0.000 r  clk (IN)
                         net (fo=0)                   0.000     0.000    clk
    E3                   IBUF (Prop_ibuf_I_O)         1.482     1.482 r  clk_IBUF_inst/O
                         net (fo=1, routed)           2.025     3.506    clk_IBUF
    BUFGCTRL_X0Y16       BUFG (Prop_bufg_I_O)         0.096     3.602 r  clk_IBUF_BUFG_inst/O
                         net (fo=3610, routed)        1.726     5.329    clk_IBUF_BUFG
    SLICE_X0Y97          FDRE                                         r  por_done_reg/C
  -------------------------------------------------------------------    -------------------
    SLICE_X0Y97          FDRE (Prop_fdre_C_Q)         0.456     5.785 r  por_done_reg/Q
                         net (fo=5, routed)           0.534     6.319    u_ser/led_OBUF[0]
    SLICE_X0Y97          LUT2 (Prop_lut2_I1_O)        0.124     6.443 f  u_ser/FSM_onehot_state[3]_i_2/O
                         net (fo=193, routed)         4.237    10.680    u_ser/por_done_reg
    SLICE_X11Y28         FDCE                                         f  u_ser/word_reg_reg[re][15]/CLR
  -------------------------------------------------------------------    -------------------

                         (clock sys_clk_pin rise edge)
                                                     10.000    10.000 r  
    E3                                                0.000    10.000 r  clk (IN)
                         net (fo=0)                   0.000    10.000    clk
    E3                   IBUF (Prop_ibuf_I_O)         1.411    11.411 r  clk_IBUF_inst/O
                         net (fo=1, routed)           1.920    13.331    clk_IBUF
    BUFGCTRL_X0Y16       BUFG (Prop_bufg_I_O)         0.091    13.422 r  clk_IBUF_BUFG_inst/O
                         net (fo=3610, routed)        1.681    15.103    u_ser/CLK
    SLICE_X11Y28         FDCE                                         r  u_ser/word_reg_reg[re][15]/C
                         clock pessimism              0.187    15.290    
                         clock uncertainty           -0.035    15.255    
    SLICE_X11Y28         FDCE (Recov_fdce_C_CLR)     -0.405    14.850    u_ser/word_reg_reg[re][15]
  -------------------------------------------------------------------
                         required time                         14.850    
                         arrival time                         -10.680    
  -------------------------------------------------------------------
                         slack                                  4.170    

Slack (MET) :             4.170ns  (required time - arrival time)
  Source:                 por_done_reg/C
                            (rising edge-triggered cell FDRE clocked by sys_clk_pin  {rise@0.000ns fall@5.000ns period=10.000ns})
  Destination:            u_ser/word_reg_reg[re][2]/CLR
                            (recovery check against rising-edge clock sys_clk_pin  {rise@0.000ns fall@5.000ns period=10.000ns})
  Path Group:             **async_default**
  Path Type:              Recovery (Max at Slow Process Corner)
  Requirement:            10.000ns  (sys_clk_pin rise@10.000ns - sys_clk_pin rise@0.000ns)
  Data Path Delay:        5.351ns  (logic 0.580ns (10.838%)  route 4.771ns (89.162%))
  Logic Levels:           1  (LUT2=1)
  Clock Path Skew:        -0.038ns (DCD - SCD + CPR)
    Destination Clock Delay (DCD):    5.103ns = ( 15.103 - 10.000 ) 
    Source Clock Delay      (SCD):    5.329ns
    Clock Pessimism Removal (CPR):    0.187ns
  Clock Uncertainty:      0.035ns  ((TSJ^2 + TIJ^2)^1/2 + DJ) / 2 + PE
    Total System Jitter     (TSJ):    0.071ns
    Total Input Jitter      (TIJ):    0.000ns
    Discrete Jitter          (DJ):    0.000ns
    Phase Error              (PE):    0.000ns

    Location             Delay type                Incr(ns)  Path(ns)    Netlist Resource(s)
  -------------------------------------------------------------------    -------------------
                         (clock sys_clk_pin rise edge)
                                                      0.000     0.000 r  
    E3                                                0.000     0.000 r  clk (IN)
                         net (fo=0)                   0.000     0.000    clk
    E3                   IBUF (Prop_ibuf_I_O)         1.482     1.482 r  clk_IBUF_inst/O
                         net (fo=1, routed)           2.025     3.506    clk_IBUF
    BUFGCTRL_X0Y16       BUFG (Prop_bufg_I_O)         0.096     3.602 r  clk_IBUF_BUFG_inst/O
                         net (fo=3610, routed)        1.726     5.329    clk_IBUF_BUFG
    SLICE_X0Y97          FDRE                                         r  por_done_reg/C
  -------------------------------------------------------------------    -------------------
    SLICE_X0Y97          FDRE (Prop_fdre_C_Q)         0.456     5.785 r  por_done_reg/Q
                         net (fo=5, routed)           0.534     6.319    u_ser/led_OBUF[0]
    SLICE_X0Y97          LUT2 (Prop_lut2_I1_O)        0.124     6.443 f  u_ser/FSM_onehot_state[3]_i_2/O
                         net (fo=193, routed)         4.237    10.680    u_ser/por_done_reg
    SLICE_X11Y28         FDCE                                         f  u_ser/word_reg_reg[re][2]/CLR
  -------------------------------------------------------------------    -------------------

                         (clock sys_clk_pin rise edge)
                                                     10.000    10.000 r  
    E3                                                0.000    10.000 r  clk (IN)
                         net (fo=0)                   0.000    10.000    clk
    E3                   IBUF (Prop_ibuf_I_O)         1.411    11.411 r  clk_IBUF_inst/O
                         net (fo=1, routed)           1.920    13.331    clk_IBUF
    BUFGCTRL_X0Y16       BUFG (Prop_bufg_I_O)         0.091    13.422 r  clk_IBUF_BUFG_inst/O
                         net (fo=3610, routed)        1.681    15.103    u_ser/CLK
    SLICE_X11Y28         FDCE                                         r  u_ser/word_reg_reg[re][2]/C
                         clock pessimism              0.187    15.290    
                         clock uncertainty           -0.035    15.255    
    SLICE_X11Y28         FDCE (Recov_fdce_C_CLR)     -0.405    14.850    u_ser/word_reg_reg[re][2]
  -------------------------------------------------------------------
                         required time                         14.850    
                         arrival time                         -10.680    
  -------------------------------------------------------------------
                         slack                                  4.170    





Min Delay Paths
--------------------------------------------------------------------------------------
Slack (MET) :             1.040ns  (arrival time - required time)
  Source:                 por_done_reg/C
                            (rising edge-triggered cell FDRE clocked by sys_clk_pin  {rise@0.000ns fall@5.000ns period=10.000ns})
  Destination:            u_start_sync/s0_reg/CLR
                            (removal check against rising-edge clock sys_clk_pin  {rise@0.000ns fall@5.000ns period=10.000ns})
  Path Group:             **async_default**
  Path Type:              Removal (Min at Fast Process Corner)
  Requirement:            0.000ns  (sys_clk_pin rise@0.000ns - sys_clk_pin rise@0.000ns)
  Data Path Delay:        1.286ns  (logic 0.186ns (14.460%)  route 1.100ns (85.540%))
  Logic Levels:           1  (LUT2=1)
  Clock Path Skew:        0.338ns (DCD - SCD - CPR)
    Destination Clock Delay (DCD):    2.113ns
    Source Clock Delay      (SCD):    1.524ns
    Clock Pessimism Removal (CPR):    0.250ns

    Location             Delay type                Incr(ns)  Path(ns)    Netlist Resource(s)
  -------------------------------------------------------------------    -------------------
                         (clock sys_clk_pin rise edge)
                                                      0.000     0.000 r  
    E3                                                0.000     0.000 r  clk (IN)
                         net (fo=0)                   0.000     0.000    clk
    E3                   IBUF (Prop_ibuf_I_O)         0.250     0.250 r  clk_IBUF_inst/O
                         net (fo=1, routed)           0.644     0.894    clk_IBUF
    BUFGCTRL_X0Y16       BUFG (Prop_bufg_I_O)         0.026     0.920 r  clk_IBUF_BUFG_inst/O
                         net (fo=3610, routed)        0.605     1.524    clk_IBUF_BUFG
    SLICE_X0Y97          FDRE                                         r  por_done_reg/C
  -------------------------------------------------------------------    -------------------
    SLICE_X0Y97          FDRE (Prop_fdre_C_Q)         0.141     1.665 r  por_done_reg/Q
                         net (fo=5, routed)           0.197     1.862    u_ser/led_OBUF[0]
    SLICE_X0Y97          LUT2 (Prop_lut2_I1_O)        0.045     1.907 f  u_ser/FSM_onehot_state[3]_i_2/O
                         net (fo=193, routed)         0.903     2.811    u_start_sync/s2_reg_0
    SLICE_X0Y47          FDCE                                         f  u_start_sync/s0_reg/CLR
  -------------------------------------------------------------------    -------------------

                         (clock sys_clk_pin rise edge)
                                                      0.000     0.000 r  
    E3                                                0.000     0.000 r  clk (IN)
                         net (fo=0)                   0.000     0.000    clk
    E3                   IBUF (Prop_ibuf_I_O)         0.438     0.438 r  clk_IBUF_inst/O
                         net (fo=1, routed)           0.699     1.136    clk_IBUF
    BUFGCTRL_X0Y16       BUFG (Prop_bufg_I_O)         0.029     1.165 r  clk_IBUF_BUFG_inst/O
                         net (fo=3610, routed)        0.948     2.113    u_start_sync/CLK
    SLICE_X0Y47          FDCE                                         r  u_start_sync/s0_reg/C
                         clock pessimism             -0.250     1.862    
    SLICE_X0Y47          FDCE (Remov_fdce_C_CLR)     -0.092     1.770    u_start_sync/s0_reg
  -------------------------------------------------------------------
                         required time                         -1.770    
                         arrival time                           2.811    
  -------------------------------------------------------------------
                         slack                                  1.040    

Slack (MET) :             1.040ns  (arrival time - required time)
  Source:                 por_done_reg/C
                            (rising edge-triggered cell FDRE clocked by sys_clk_pin  {rise@0.000ns fall@5.000ns period=10.000ns})
  Destination:            u_start_sync/s1_reg/CLR
                            (removal check against rising-edge clock sys_clk_pin  {rise@0.000ns fall@5.000ns period=10.000ns})
  Path Group:             **async_default**
  Path Type:              Removal (Min at Fast Process Corner)
  Requirement:            0.000ns  (sys_clk_pin rise@0.000ns - sys_clk_pin rise@0.000ns)
  Data Path Delay:        1.286ns  (logic 0.186ns (14.460%)  route 1.100ns (85.540%))
  Logic Levels:           1  (LUT2=1)
  Clock Path Skew:        0.338ns (DCD - SCD - CPR)
    Destination Clock Delay (DCD):    2.113ns
    Source Clock Delay      (SCD):    1.524ns
    Clock Pessimism Removal (CPR):    0.250ns

    Location             Delay type                Incr(ns)  Path(ns)    Netlist Resource(s)
  -------------------------------------------------------------------    -------------------
                         (clock sys_clk_pin rise edge)
                                                      0.000     0.000 r  
    E3                                                0.000     0.000 r  clk (IN)
                         net (fo=0)                   0.000     0.000    clk
    E3                   IBUF (Prop_ibuf_I_O)         0.250     0.250 r  clk_IBUF_inst/O
                         net (fo=1, routed)           0.644     0.894    clk_IBUF
    BUFGCTRL_X0Y16       BUFG (Prop_bufg_I_O)         0.026     0.920 r  clk_IBUF_BUFG_inst/O
                         net (fo=3610, routed)        0.605     1.524    clk_IBUF_BUFG
    SLICE_X0Y97          FDRE                                         r  por_done_reg/C
  -------------------------------------------------------------------    -------------------
    SLICE_X0Y97          FDRE (Prop_fdre_C_Q)         0.141     1.665 r  por_done_reg/Q
                         net (fo=5, routed)           0.197     1.862    u_ser/led_OBUF[0]
    SLICE_X0Y97          LUT2 (Prop_lut2_I1_O)        0.045     1.907 f  u_ser/FSM_onehot_state[3]_i_2/O
                         net (fo=193, routed)         0.903     2.811    u_start_sync/s2_reg_0
    SLICE_X0Y47          FDCE                                         f  u_start_sync/s1_reg/CLR
  -------------------------------------------------------------------    -------------------

                         (clock sys_clk_pin rise edge)
                                                      0.000     0.000 r  
    E3                                                0.000     0.000 r  clk (IN)
                         net (fo=0)                   0.000     0.000    clk
    E3                   IBUF (Prop_ibuf_I_O)         0.438     0.438 r  clk_IBUF_inst/O
                         net (fo=1, routed)           0.699     1.136    clk_IBUF
    BUFGCTRL_X0Y16       BUFG (Prop_bufg_I_O)         0.029     1.165 r  clk_IBUF_BUFG_inst/O
                         net (fo=3610, routed)        0.948     2.113    u_start_sync/CLK
    SLICE_X0Y47          FDCE                                         r  u_start_sync/s1_reg/C
                         clock pessimism             -0.250     1.862    
    SLICE_X0Y47          FDCE (Remov_fdce_C_CLR)     -0.092     1.770    u_start_sync/s1_reg
  -------------------------------------------------------------------
                         required time                         -1.770    
                         arrival time                           2.811    
  -------------------------------------------------------------------
                         slack                                  1.040    

Slack (MET) :             1.175ns  (arrival time - required time)
  Source:                 por_done_reg/C
                            (rising edge-triggered cell FDRE clocked by sys_clk_pin  {rise@0.000ns fall@5.000ns period=10.000ns})
  Destination:            start_ever_seen_reg/CLR
                            (removal check against rising-edge clock sys_clk_pin  {rise@0.000ns fall@5.000ns period=10.000ns})
  Path Group:             **async_default**
  Path Type:              Removal (Min at Fast Process Corner)
  Requirement:            0.000ns  (sys_clk_pin rise@0.000ns - sys_clk_pin rise@0.000ns)
  Data Path Delay:        1.420ns  (logic 0.186ns (13.098%)  route 1.234ns (86.902%))
  Logic Levels:           1  (LUT2=1)
  Clock Path Skew:        0.337ns (DCD - SCD - CPR)
    Destination Clock Delay (DCD):    2.112ns
    Source Clock Delay      (SCD):    1.524ns
    Clock Pessimism Removal (CPR):    0.250ns

    Location             Delay type                Incr(ns)  Path(ns)    Netlist Resource(s)
  -------------------------------------------------------------------    -------------------
                         (clock sys_clk_pin rise edge)
                                                      0.000     0.000 r  
    E3                                                0.000     0.000 r  clk (IN)
                         net (fo=0)                   0.000     0.000    clk
    E3                   IBUF (Prop_ibuf_I_O)         0.250     0.250 r  clk_IBUF_inst/O
                         net (fo=1, routed)           0.644     0.894    clk_IBUF
    BUFGCTRL_X0Y16       BUFG (Prop_bufg_I_O)         0.026     0.920 r  clk_IBUF_BUFG_inst/O
                         net (fo=3610, routed)        0.605     1.524    clk_IBUF_BUFG
    SLICE_X0Y97          FDRE                                         r  por_done_reg/C
  -------------------------------------------------------------------    -------------------
    SLICE_X0Y97          FDRE (Prop_fdre_C_Q)         0.141     1.665 r  por_done_reg/Q
                         net (fo=5, routed)           0.197     1.862    u_ser/led_OBUF[0]
    SLICE_X0Y97          LUT2 (Prop_lut2_I1_O)        0.045     1.907 f  u_ser/FSM_onehot_state[3]_i_2/O
                         net (fo=193, routed)         1.037     2.944    u_ser_n_1
    SLICE_X0Y44          FDCE                                         f  start_ever_seen_reg/CLR
  -------------------------------------------------------------------    -------------------

                         (clock sys_clk_pin rise edge)
                                                      0.000     0.000 r  
    E3                                                0.000     0.000 r  clk (IN)
                         net (fo=0)                   0.000     0.000    clk
    E3                   IBUF (Prop_ibuf_I_O)         0.438     0.438 r  clk_IBUF_inst/O
                         net (fo=1, routed)           0.699     1.136    clk_IBUF
    BUFGCTRL_X0Y16       BUFG (Prop_bufg_I_O)         0.029     1.165 r  clk_IBUF_BUFG_inst/O
                         net (fo=3610, routed)        0.947     2.112    clk_IBUF_BUFG
    SLICE_X0Y44          FDCE                                         r  start_ever_seen_reg/C
                         clock pessimism             -0.250     1.861    
    SLICE_X0Y44          FDCE (Remov_fdce_C_CLR)     -0.092     1.769    start_ever_seen_reg
  -------------------------------------------------------------------
                         required time                         -1.769    
                         arrival time                           2.944    
  -------------------------------------------------------------------
                         slack                                  1.175    

Slack (MET) :             1.229ns  (arrival time - required time)
  Source:                 por_done_reg/C
                            (rising edge-triggered cell FDRE clocked by sys_clk_pin  {rise@0.000ns fall@5.000ns period=10.000ns})
  Destination:            u_start_sync/s2_reg/CLR
                            (removal check against rising-edge clock sys_clk_pin  {rise@0.000ns fall@5.000ns period=10.000ns})
  Path Group:             **async_default**
  Path Type:              Removal (Min at Fast Process Corner)
  Requirement:            0.000ns  (sys_clk_pin rise@0.000ns - sys_clk_pin rise@0.000ns)
  Data Path Delay:        1.474ns  (logic 0.186ns (12.619%)  route 1.288ns (87.381%))
  Logic Levels:           1  (LUT2=1)
  Clock Path Skew:        0.337ns (DCD - SCD - CPR)
    Destination Clock Delay (DCD):    2.112ns
    Source Clock Delay      (SCD):    1.524ns
    Clock Pessimism Removal (CPR):    0.250ns

    Location             Delay type                Incr(ns)  Path(ns)    Netlist Resource(s)
  -------------------------------------------------------------------    -------------------
                         (clock sys_clk_pin rise edge)
                                                      0.000     0.000 r  
    E3                                                0.000     0.000 r  clk (IN)
                         net (fo=0)                   0.000     0.000    clk
    E3                   IBUF (Prop_ibuf_I_O)         0.250     0.250 r  clk_IBUF_inst/O
                         net (fo=1, routed)           0.644     0.894    clk_IBUF
    BUFGCTRL_X0Y16       BUFG (Prop_bufg_I_O)         0.026     0.920 r  clk_IBUF_BUFG_inst/O
                         net (fo=3610, routed)        0.605     1.524    clk_IBUF_BUFG
    SLICE_X0Y97          FDRE                                         r  por_done_reg/C
  -------------------------------------------------------------------    -------------------
    SLICE_X0Y97          FDRE (Prop_fdre_C_Q)         0.141     1.665 r  por_done_reg/Q
                         net (fo=5, routed)           0.197     1.862    u_ser/led_OBUF[0]
    SLICE_X0Y97          LUT2 (Prop_lut2_I1_O)        0.045     1.907 f  u_ser/FSM_onehot_state[3]_i_2/O
                         net (fo=193, routed)         1.091     2.998    u_start_sync/s2_reg_0
    SLICE_X0Y43          FDCE                                         f  u_start_sync/s2_reg/CLR
  -------------------------------------------------------------------    -------------------

                         (clock sys_clk_pin rise edge)
                                                      0.000     0.000 r  
    E3                                                0.000     0.000 r  clk (IN)
                         net (fo=0)                   0.000     0.000    clk
    E3                   IBUF (Prop_ibuf_I_O)         0.438     0.438 r  clk_IBUF_inst/O
                         net (fo=1, routed)           0.699     1.136    clk_IBUF
    BUFGCTRL_X0Y16       BUFG (Prop_bufg_I_O)         0.029     1.165 r  clk_IBUF_BUFG_inst/O
                         net (fo=3610, routed)        0.947     2.112    u_start_sync/CLK
    SLICE_X0Y43          FDCE                                         r  u_start_sync/s2_reg/C
                         clock pessimism             -0.250     1.861    
    SLICE_X0Y43          FDCE (Remov_fdce_C_CLR)     -0.092     1.769    u_start_sync/s2_reg
  -------------------------------------------------------------------
                         required time                         -1.769    
                         arrival time                           2.998    
  -------------------------------------------------------------------
                         slack                                  1.229    

Slack (MET) :             1.358ns  (arrival time - required time)
  Source:                 por_done_reg/C
                            (rising edge-triggered cell FDRE clocked by sys_clk_pin  {rise@0.000ns fall@5.000ns period=10.000ns})
  Destination:            u_seq/sc_idx_reg[0]/CLR
                            (removal check against rising-edge clock sys_clk_pin  {rise@0.000ns fall@5.000ns period=10.000ns})
  Path Group:             **async_default**
  Path Type:              Removal (Min at Fast Process Corner)
  Requirement:            0.000ns  (sys_clk_pin rise@0.000ns - sys_clk_pin rise@0.000ns)
  Data Path Delay:        1.598ns  (logic 0.186ns (11.640%)  route 1.412ns (88.360%))
  Logic Levels:           1  (LUT2=1)
  Clock Path Skew:        0.332ns (DCD - SCD - CPR)
    Destination Clock Delay (DCD):    2.107ns
    Source Clock Delay      (SCD):    1.524ns
    Clock Pessimism Removal (CPR):    0.250ns

    Location             Delay type                Incr(ns)  Path(ns)    Netlist Resource(s)
  -------------------------------------------------------------------    -------------------
                         (clock sys_clk_pin rise edge)
                                                      0.000     0.000 r  
    E3                                                0.000     0.000 r  clk (IN)
                         net (fo=0)                   0.000     0.000    clk
    E3                   IBUF (Prop_ibuf_I_O)         0.250     0.250 r  clk_IBUF_inst/O
                         net (fo=1, routed)           0.644     0.894    clk_IBUF
    BUFGCTRL_X0Y16       BUFG (Prop_bufg_I_O)         0.026     0.920 r  clk_IBUF_BUFG_inst/O
                         net (fo=3610, routed)        0.605     1.524    clk_IBUF_BUFG
    SLICE_X0Y97          FDRE                                         r  por_done_reg/C
  -------------------------------------------------------------------    -------------------
    SLICE_X0Y97          FDRE (Prop_fdre_C_Q)         0.141     1.665 r  por_done_reg/Q
                         net (fo=5, routed)           0.197     1.862    u_ser/led_OBUF[0]
    SLICE_X0Y97          LUT2 (Prop_lut2_I1_O)        0.045     1.907 f  u_ser/FSM_onehot_state[3]_i_2/O
                         net (fo=193, routed)         1.215     3.122    u_seq/block_idx_reg[0]_0
    SLICE_X1Y36          FDCE                                         f  u_seq/sc_idx_reg[0]/CLR
  -------------------------------------------------------------------    -------------------

                         (clock sys_clk_pin rise edge)
                                                      0.000     0.000 r  
    E3                                                0.000     0.000 r  clk (IN)
                         net (fo=0)                   0.000     0.000    clk
    E3                   IBUF (Prop_ibuf_I_O)         0.438     0.438 r  clk_IBUF_inst/O
                         net (fo=1, routed)           0.699     1.136    clk_IBUF
    BUFGCTRL_X0Y16       BUFG (Prop_bufg_I_O)         0.029     1.165 r  clk_IBUF_BUFG_inst/O
                         net (fo=3610, routed)        0.942     2.107    u_seq/CLK
    SLICE_X1Y36          FDCE                                         r  u_seq/sc_idx_reg[0]/C
                         clock pessimism             -0.250     1.856    
    SLICE_X1Y36          FDCE (Remov_fdce_C_CLR)     -0.092     1.764    u_seq/sc_idx_reg[0]
  -------------------------------------------------------------------
                         required time                         -1.764    
                         arrival time                           3.122    
  -------------------------------------------------------------------
                         slack                                  1.358    

Slack (MET) :             1.358ns  (arrival time - required time)
  Source:                 por_done_reg/C
                            (rising edge-triggered cell FDRE clocked by sys_clk_pin  {rise@0.000ns fall@5.000ns period=10.000ns})
  Destination:            u_seq/sc_idx_reg[1]/CLR
                            (removal check against rising-edge clock sys_clk_pin  {rise@0.000ns fall@5.000ns period=10.000ns})
  Path Group:             **async_default**
  Path Type:              Removal (Min at Fast Process Corner)
  Requirement:            0.000ns  (sys_clk_pin rise@0.000ns - sys_clk_pin rise@0.000ns)
  Data Path Delay:        1.598ns  (logic 0.186ns (11.640%)  route 1.412ns (88.360%))
  Logic Levels:           1  (LUT2=1)
  Clock Path Skew:        0.332ns (DCD - SCD - CPR)
    Destination Clock Delay (DCD):    2.107ns
    Source Clock Delay      (SCD):    1.524ns
    Clock Pessimism Removal (CPR):    0.250ns

    Location             Delay type                Incr(ns)  Path(ns)    Netlist Resource(s)
  -------------------------------------------------------------------    -------------------
                         (clock sys_clk_pin rise edge)
                                                      0.000     0.000 r  
    E3                                                0.000     0.000 r  clk (IN)
                         net (fo=0)                   0.000     0.000    clk
    E3                   IBUF (Prop_ibuf_I_O)         0.250     0.250 r  clk_IBUF_inst/O
                         net (fo=1, routed)           0.644     0.894    clk_IBUF
    BUFGCTRL_X0Y16       BUFG (Prop_bufg_I_O)         0.026     0.920 r  clk_IBUF_BUFG_inst/O
                         net (fo=3610, routed)        0.605     1.524    clk_IBUF_BUFG
    SLICE_X0Y97          FDRE                                         r  por_done_reg/C
  -------------------------------------------------------------------    -------------------
    SLICE_X0Y97          FDRE (Prop_fdre_C_Q)         0.141     1.665 r  por_done_reg/Q
                         net (fo=5, routed)           0.197     1.862    u_ser/led_OBUF[0]
    SLICE_X0Y97          LUT2 (Prop_lut2_I1_O)        0.045     1.907 f  u_ser/FSM_onehot_state[3]_i_2/O
                         net (fo=193, routed)         1.215     3.122    u_seq/block_idx_reg[0]_0
    SLICE_X1Y36          FDCE                                         f  u_seq/sc_idx_reg[1]/CLR
  -------------------------------------------------------------------    -------------------

                         (clock sys_clk_pin rise edge)
                                                      0.000     0.000 r  
    E3                                                0.000     0.000 r  clk (IN)
                         net (fo=0)                   0.000     0.000    clk
    E3                   IBUF (Prop_ibuf_I_O)         0.438     0.438 r  clk_IBUF_inst/O
                         net (fo=1, routed)           0.699     1.136    clk_IBUF
    BUFGCTRL_X0Y16       BUFG (Prop_bufg_I_O)         0.029     1.165 r  clk_IBUF_BUFG_inst/O
                         net (fo=3610, routed)        0.942     2.107    u_seq/CLK
    SLICE_X1Y36          FDCE                                         r  u_seq/sc_idx_reg[1]/C
                         clock pessimism             -0.250     1.856    
    SLICE_X1Y36          FDCE (Remov_fdce_C_CLR)     -0.092     1.764    u_seq/sc_idx_reg[1]
  -------------------------------------------------------------------
                         required time                         -1.764    
                         arrival time                           3.122    
  -------------------------------------------------------------------
                         slack                                  1.358    

Slack (MET) :             1.358ns  (arrival time - required time)
  Source:                 por_done_reg/C
                            (rising edge-triggered cell FDRE clocked by sys_clk_pin  {rise@0.000ns fall@5.000ns period=10.000ns})
  Destination:            u_seq/sc_idx_reg[2]/CLR
                            (removal check against rising-edge clock sys_clk_pin  {rise@0.000ns fall@5.000ns period=10.000ns})
  Path Group:             **async_default**
  Path Type:              Removal (Min at Fast Process Corner)
  Requirement:            0.000ns  (sys_clk_pin rise@0.000ns - sys_clk_pin rise@0.000ns)
  Data Path Delay:        1.598ns  (logic 0.186ns (11.640%)  route 1.412ns (88.360%))
  Logic Levels:           1  (LUT2=1)
  Clock Path Skew:        0.332ns (DCD - SCD - CPR)
    Destination Clock Delay (DCD):    2.107ns
    Source Clock Delay      (SCD):    1.524ns
    Clock Pessimism Removal (CPR):    0.250ns

    Location             Delay type                Incr(ns)  Path(ns)    Netlist Resource(s)
  -------------------------------------------------------------------    -------------------
                         (clock sys_clk_pin rise edge)
                                                      0.000     0.000 r  
    E3                                                0.000     0.000 r  clk (IN)
                         net (fo=0)                   0.000     0.000    clk
    E3                   IBUF (Prop_ibuf_I_O)         0.250     0.250 r  clk_IBUF_inst/O
                         net (fo=1, routed)           0.644     0.894    clk_IBUF
    BUFGCTRL_X0Y16       BUFG (Prop_bufg_I_O)         0.026     0.920 r  clk_IBUF_BUFG_inst/O
                         net (fo=3610, routed)        0.605     1.524    clk_IBUF_BUFG
    SLICE_X0Y97          FDRE                                         r  por_done_reg/C
  -------------------------------------------------------------------    -------------------
    SLICE_X0Y97          FDRE (Prop_fdre_C_Q)         0.141     1.665 r  por_done_reg/Q
                         net (fo=5, routed)           0.197     1.862    u_ser/led_OBUF[0]
    SLICE_X0Y97          LUT2 (Prop_lut2_I1_O)        0.045     1.907 f  u_ser/FSM_onehot_state[3]_i_2/O
                         net (fo=193, routed)         1.215     3.122    u_seq/block_idx_reg[0]_0
    SLICE_X1Y36          FDCE                                         f  u_seq/sc_idx_reg[2]/CLR
  -------------------------------------------------------------------    -------------------

                         (clock sys_clk_pin rise edge)
                                                      0.000     0.000 r  
    E3                                                0.000     0.000 r  clk (IN)
                         net (fo=0)                   0.000     0.000    clk
    E3                   IBUF (Prop_ibuf_I_O)         0.438     0.438 r  clk_IBUF_inst/O
                         net (fo=1, routed)           0.699     1.136    clk_IBUF
    BUFGCTRL_X0Y16       BUFG (Prop_bufg_I_O)         0.029     1.165 r  clk_IBUF_BUFG_inst/O
                         net (fo=3610, routed)        0.942     2.107    u_seq/CLK
    SLICE_X1Y36          FDCE                                         r  u_seq/sc_idx_reg[2]/C
                         clock pessimism             -0.250     1.856    
    SLICE_X1Y36          FDCE (Remov_fdce_C_CLR)     -0.092     1.764    u_seq/sc_idx_reg[2]
  -------------------------------------------------------------------
                         required time                         -1.764    
                         arrival time                           3.122    
  -------------------------------------------------------------------
                         slack                                  1.358    

Slack (MET) :             1.362ns  (arrival time - required time)
  Source:                 por_done_reg/C
                            (rising edge-triggered cell FDRE clocked by sys_clk_pin  {rise@0.000ns fall@5.000ns period=10.000ns})
  Destination:            u_seq/FSM_onehot_state_reg[1]/CLR
                            (removal check against rising-edge clock sys_clk_pin  {rise@0.000ns fall@5.000ns period=10.000ns})
  Path Group:             **async_default**
  Path Type:              Removal (Min at Fast Process Corner)
  Requirement:            0.000ns  (sys_clk_pin rise@0.000ns - sys_clk_pin rise@0.000ns)
  Data Path Delay:        1.602ns  (logic 0.186ns (11.609%)  route 1.416ns (88.391%))
  Logic Levels:           1  (LUT2=1)
  Clock Path Skew:        0.332ns (DCD - SCD - CPR)
    Destination Clock Delay (DCD):    2.107ns
    Source Clock Delay      (SCD):    1.524ns
    Clock Pessimism Removal (CPR):    0.250ns

    Location             Delay type                Incr(ns)  Path(ns)    Netlist Resource(s)
  -------------------------------------------------------------------    -------------------
                         (clock sys_clk_pin rise edge)
                                                      0.000     0.000 r  
    E3                                                0.000     0.000 r  clk (IN)
                         net (fo=0)                   0.000     0.000    clk
    E3                   IBUF (Prop_ibuf_I_O)         0.250     0.250 r  clk_IBUF_inst/O
                         net (fo=1, routed)           0.644     0.894    clk_IBUF
    BUFGCTRL_X0Y16       BUFG (Prop_bufg_I_O)         0.026     0.920 r  clk_IBUF_BUFG_inst/O
                         net (fo=3610, routed)        0.605     1.524    clk_IBUF_BUFG
    SLICE_X0Y97          FDRE                                         r  por_done_reg/C
  -------------------------------------------------------------------    -------------------
    SLICE_X0Y97          FDRE (Prop_fdre_C_Q)         0.141     1.665 r  por_done_reg/Q
                         net (fo=5, routed)           0.197     1.862    u_ser/led_OBUF[0]
    SLICE_X0Y97          LUT2 (Prop_lut2_I1_O)        0.045     1.907 f  u_ser/FSM_onehot_state[3]_i_2/O
                         net (fo=193, routed)         1.219     3.127    u_seq/block_idx_reg[0]_0
    SLICE_X0Y36          FDCE                                         f  u_seq/FSM_onehot_state_reg[1]/CLR
  -------------------------------------------------------------------    -------------------

                         (clock sys_clk_pin rise edge)
                                                      0.000     0.000 r  
    E3                                                0.000     0.000 r  clk (IN)
                         net (fo=0)                   0.000     0.000    clk
    E3                   IBUF (Prop_ibuf_I_O)         0.438     0.438 r  clk_IBUF_inst/O
                         net (fo=1, routed)           0.699     1.136    clk_IBUF
    BUFGCTRL_X0Y16       BUFG (Prop_bufg_I_O)         0.029     1.165 r  clk_IBUF_BUFG_inst/O
                         net (fo=3610, routed)        0.942     2.107    u_seq/CLK
    SLICE_X0Y36          FDCE                                         r  u_seq/FSM_onehot_state_reg[1]/C
                         clock pessimism             -0.250     1.856    
    SLICE_X0Y36          FDCE (Remov_fdce_C_CLR)     -0.092     1.764    u_seq/FSM_onehot_state_reg[1]
  -------------------------------------------------------------------
                         required time                         -1.764    
                         arrival time                           3.127    
  -------------------------------------------------------------------
                         slack                                  1.362    

Slack (MET) :             1.362ns  (arrival time - required time)
  Source:                 por_done_reg/C
                            (rising edge-triggered cell FDRE clocked by sys_clk_pin  {rise@0.000ns fall@5.000ns period=10.000ns})
  Destination:            u_seq/FSM_onehot_state_reg[2]/CLR
                            (removal check against rising-edge clock sys_clk_pin  {rise@0.000ns fall@5.000ns period=10.000ns})
  Path Group:             **async_default**
  Path Type:              Removal (Min at Fast Process Corner)
  Requirement:            0.000ns  (sys_clk_pin rise@0.000ns - sys_clk_pin rise@0.000ns)
  Data Path Delay:        1.602ns  (logic 0.186ns (11.609%)  route 1.416ns (88.391%))
  Logic Levels:           1  (LUT2=1)
  Clock Path Skew:        0.332ns (DCD - SCD - CPR)
    Destination Clock Delay (DCD):    2.107ns
    Source Clock Delay      (SCD):    1.524ns
    Clock Pessimism Removal (CPR):    0.250ns

    Location             Delay type                Incr(ns)  Path(ns)    Netlist Resource(s)
  -------------------------------------------------------------------    -------------------
                         (clock sys_clk_pin rise edge)
                                                      0.000     0.000 r  
    E3                                                0.000     0.000 r  clk (IN)
                         net (fo=0)                   0.000     0.000    clk
    E3                   IBUF (Prop_ibuf_I_O)         0.250     0.250 r  clk_IBUF_inst/O
                         net (fo=1, routed)           0.644     0.894    clk_IBUF
    BUFGCTRL_X0Y16       BUFG (Prop_bufg_I_O)         0.026     0.920 r  clk_IBUF_BUFG_inst/O
                         net (fo=3610, routed)        0.605     1.524    clk_IBUF_BUFG
    SLICE_X0Y97          FDRE                                         r  por_done_reg/C
  -------------------------------------------------------------------    -------------------
    SLICE_X0Y97          FDRE (Prop_fdre_C_Q)         0.141     1.665 r  por_done_reg/Q
                         net (fo=5, routed)           0.197     1.862    u_ser/led_OBUF[0]
    SLICE_X0Y97          LUT2 (Prop_lut2_I1_O)        0.045     1.907 f  u_ser/FSM_onehot_state[3]_i_2/O
                         net (fo=193, routed)         1.219     3.127    u_seq/block_idx_reg[0]_0
    SLICE_X0Y36          FDCE                                         f  u_seq/FSM_onehot_state_reg[2]/CLR
  -------------------------------------------------------------------    -------------------

                         (clock sys_clk_pin rise edge)
                                                      0.000     0.000 r  
    E3                                                0.000     0.000 r  clk (IN)
                         net (fo=0)                   0.000     0.000    clk
    E3                   IBUF (Prop_ibuf_I_O)         0.438     0.438 r  clk_IBUF_inst/O
                         net (fo=1, routed)           0.699     1.136    clk_IBUF
    BUFGCTRL_X0Y16       BUFG (Prop_bufg_I_O)         0.029     1.165 r  clk_IBUF_BUFG_inst/O
                         net (fo=3610, routed)        0.942     2.107    u_seq/CLK
    SLICE_X0Y36          FDCE                                         r  u_seq/FSM_onehot_state_reg[2]/C
                         clock pessimism             -0.250     1.856    
    SLICE_X0Y36          FDCE (Remov_fdce_C_CLR)     -0.092     1.764    u_seq/FSM_onehot_state_reg[2]
  -------------------------------------------------------------------
                         required time                         -1.764    
                         arrival time                           3.127    
  -------------------------------------------------------------------
                         slack                                  1.362    

Slack (MET) :             1.362ns  (arrival time - required time)
  Source:                 por_done_reg/C
                            (rising edge-triggered cell FDRE clocked by sys_clk_pin  {rise@0.000ns fall@5.000ns period=10.000ns})
  Destination:            u_seq/FSM_onehot_state_reg[3]/CLR
                            (removal check against rising-edge clock sys_clk_pin  {rise@0.000ns fall@5.000ns period=10.000ns})
  Path Group:             **async_default**
  Path Type:              Removal (Min at Fast Process Corner)
  Requirement:            0.000ns  (sys_clk_pin rise@0.000ns - sys_clk_pin rise@0.000ns)
  Data Path Delay:        1.602ns  (logic 0.186ns (11.609%)  route 1.416ns (88.391%))
  Logic Levels:           1  (LUT2=1)
  Clock Path Skew:        0.332ns (DCD - SCD - CPR)
    Destination Clock Delay (DCD):    2.107ns
    Source Clock Delay      (SCD):    1.524ns
    Clock Pessimism Removal (CPR):    0.250ns

    Location             Delay type                Incr(ns)  Path(ns)    Netlist Resource(s)
  -------------------------------------------------------------------    -------------------
                         (clock sys_clk_pin rise edge)
                                                      0.000     0.000 r  
    E3                                                0.000     0.000 r  clk (IN)
                         net (fo=0)                   0.000     0.000    clk
    E3                   IBUF (Prop_ibuf_I_O)         0.250     0.250 r  clk_IBUF_inst/O
                         net (fo=1, routed)           0.644     0.894    clk_IBUF
    BUFGCTRL_X0Y16       BUFG (Prop_bufg_I_O)         0.026     0.920 r  clk_IBUF_BUFG_inst/O
                         net (fo=3610, routed)        0.605     1.524    clk_IBUF_BUFG
    SLICE_X0Y97          FDRE                                         r  por_done_reg/C
  -------------------------------------------------------------------    -------------------
    SLICE_X0Y97          FDRE (Prop_fdre_C_Q)         0.141     1.665 r  por_done_reg/Q
                         net (fo=5, routed)           0.197     1.862    u_ser/led_OBUF[0]
    SLICE_X0Y97          LUT2 (Prop_lut2_I1_O)        0.045     1.907 f  u_ser/FSM_onehot_state[3]_i_2/O
                         net (fo=193, routed)         1.219     3.127    u_seq/block_idx_reg[0]_0
    SLICE_X0Y36          FDCE                                         f  u_seq/FSM_onehot_state_reg[3]/CLR
  -------------------------------------------------------------------    -------------------

                         (clock sys_clk_pin rise edge)
                                                      0.000     0.000 r  
    E3                                                0.000     0.000 r  clk (IN)
                         net (fo=0)                   0.000     0.000    clk
    E3                   IBUF (Prop_ibuf_I_O)         0.438     0.438 r  clk_IBUF_inst/O
                         net (fo=1, routed)           0.699     1.136    clk_IBUF
    BUFGCTRL_X0Y16       BUFG (Prop_bufg_I_O)         0.029     1.165 r  clk_IBUF_BUFG_inst/O
                         net (fo=3610, routed)        0.942     2.107    u_seq/CLK
    SLICE_X0Y36          FDCE                                         r  u_seq/FSM_onehot_state_reg[3]/C
                         clock pessimism             -0.250     1.856    
    SLICE_X0Y36          FDCE (Remov_fdce_C_CLR)     -0.092     1.764    u_seq/FSM_onehot_state_reg[3]
  -------------------------------------------------------------------
                         required time                         -1.764    
                         arrival time                           3.127    
  -------------------------------------------------------------------
                         slack                                  1.362    





--------------------------------------------------------------------------------------
Path Group:  (none)
From Clock:  
  To Clock:  

Max Delay             1 Endpoint
Min Delay             1 Endpoint
--------------------------------------------------------------------------------------


Max Delay Paths
--------------------------------------------------------------------------------------
Slack:                    inf
  Source:                 btn_rst
                            (input port)
  Destination:            led[2]
                            (output port)
  Path Group:             (none)
  Path Type:              Max at Slow Process Corner
  Data Path Delay:        9.446ns  (logic 5.385ns (57.009%)  route 4.061ns (42.991%))
  Logic Levels:           3  (IBUF=1 LUT2=1 OBUF=1)

    Location             Delay type                Incr(ns)  Path(ns)    Netlist Resource(s)
  -------------------------------------------------------------------    -------------------
    N17                                               0.000     0.000 f  btn_rst (IN)
                         net (fo=0)                   0.000     0.000    btn_rst
    N17                  IBUF (Prop_ibuf_I_O)         1.477     1.477 f  btn_rst_IBUF_inst/O
                         net (fo=2, routed)           1.811     3.287    btn_rst_IBUF
    SLICE_X0Y98          LUT2 (Prop_lut2_I1_O)        0.153     3.440 r  led_OBUF[2]_inst_i_1/O
                         net (fo=1, routed)           2.250     5.691    led_OBUF[2]
    J13                  OBUF (Prop_obuf_I_O)         3.756     9.446 r  led_OBUF[2]_inst/O
                         net (fo=0)                   0.000     9.446    led[2]
    J13                                                               r  led[2] (OUT)
  -------------------------------------------------------------------    -------------------





Min Delay Paths
--------------------------------------------------------------------------------------
Slack:                    inf
  Source:                 btn_rst
                            (input port)
  Destination:            led[2]
                            (output port)
  Path Group:             (none)
  Path Type:              Min at Fast Process Corner
  Data Path Delay:        2.905ns  (logic 1.605ns (55.245%)  route 1.300ns (44.755%))
  Logic Levels:           3  (IBUF=1 LUT2=1 OBUF=1)

    Location             Delay type                Incr(ns)  Path(ns)    Netlist Resource(s)
  -------------------------------------------------------------------    -------------------
    N17                                               0.000     0.000 f  btn_rst (IN)
                         net (fo=0)                   0.000     0.000    btn_rst
    N17                  IBUF (Prop_ibuf_I_O)         0.244     0.244 f  btn_rst_IBUF_inst/O
                         net (fo=2, routed)           0.720     0.964    btn_rst_IBUF
    SLICE_X0Y98          LUT2 (Prop_lut2_I1_O)        0.042     1.006 r  led_OBUF[2]_inst_i_1/O
                         net (fo=1, routed)           0.580     1.586    led_OBUF[2]
    J13                  OBUF (Prop_obuf_I_O)         1.318     2.905 r  led_OBUF[2]_inst/O
                         net (fo=0)                   0.000     2.905    led[2]
    J13                                                               r  led[2] (OUT)
  -------------------------------------------------------------------    -------------------





--------------------------------------------------------------------------------------
Path Group:  (none)
From Clock:  sys_clk_pin
  To Clock:  

Max Delay             8 Endpoints
Min Delay             8 Endpoints
--------------------------------------------------------------------------------------


Max Delay Paths
--------------------------------------------------------------------------------------
Slack:                    inf
  Source:                 u_uart/FSM_sequential_state_reg[1]/C
                            (rising edge-triggered cell FDCE clocked by sys_clk_pin  {rise@0.000ns fall@5.000ns period=10.000ns})
  Destination:            tx_out
                            (output port)
  Path Group:             (none)
  Path Type:              Max at Slow Process Corner
  Data Path Delay:        13.873ns  (logic 4.383ns (31.597%)  route 9.489ns (68.403%))
  Logic Levels:           4  (LUT6=3 OBUF=1)
  Clock Uncertainty:      0.025ns  ((TSJ^2 + TIJ^2)^1/2 + DJ) / 2 + PE
    Total System Jitter     (TSJ):    0.050ns
    Total Input Jitter      (TIJ):    0.000ns
    Discrete Jitter          (DJ):    0.000ns
    Phase Error              (PE):    0.000ns

    Location             Delay type                Incr(ns)  Path(ns)    Netlist Resource(s)
  -------------------------------------------------------------------    -------------------
                         (clock sys_clk_pin rise edge)
                                                      0.000     0.000 r  
    E3                                                0.000     0.000 r  clk (IN)
                         net (fo=0)                   0.000     0.000    clk
    E3                   IBUF (Prop_ibuf_I_O)         1.482     1.482 r  clk_IBUF_inst/O
                         net (fo=1, routed)           2.025     3.506    clk_IBUF
    BUFGCTRL_X0Y16       BUFG (Prop_bufg_I_O)         0.096     3.602 r  clk_IBUF_BUFG_inst/O
                         net (fo=3610, routed)        1.885     5.488    u_uart/CLK
    SLICE_X5Y29          FDCE                                         r  u_uart/FSM_sequential_state_reg[1]/C
  -------------------------------------------------------------------    -------------------
    SLICE_X5Y29          FDCE (Prop_fdce_C_Q)         0.456     5.944 r  u_uart/FSM_sequential_state_reg[1]/Q
                         net (fo=13, routed)          1.034     6.978    u_uart/state[1]
    SLICE_X6Y30          LUT6 (Prop_lut6_I5_O)        0.124     7.102 r  u_uart/tx_out_OBUF_inst_i_5/O
                         net (fo=1, routed)           0.795     7.897    u_uart/tx_out_OBUF_inst_i_5_n_0
    SLICE_X6Y30          LUT6 (Prop_lut6_I5_O)        0.124     8.021 r  u_uart/tx_out_OBUF_inst_i_3/O
                         net (fo=1, routed)           0.452     8.473    u_uart/tx_out_OBUF_inst_i_3_n_0
    SLICE_X6Y30          LUT6 (Prop_lut6_I4_O)        0.124     8.597 r  u_uart/tx_out_OBUF_inst_i_1/O
                         net (fo=1, routed)           7.208    15.805    tx_out_OBUF
    D4                   OBUF (Prop_obuf_I_O)         3.555    19.360 r  tx_out_OBUF_inst/O
                         net (fo=0)                   0.000    19.360    tx_out
    D4                                                                r  tx_out (OUT)
  -------------------------------------------------------------------    -------------------

Slack:                    inf
  Source:                 u_uart/FSM_sequential_state_reg[3]/C
                            (rising edge-triggered cell FDCE clocked by sys_clk_pin  {rise@0.000ns fall@5.000ns period=10.000ns})
  Destination:            led[7]
                            (output port)
  Path Group:             (none)
  Path Type:              Max at Slow Process Corner
  Data Path Delay:        8.419ns  (logic 4.503ns (53.492%)  route 3.915ns (46.508%))
  Logic Levels:           2  (LUT4=1 OBUF=1)
  Clock Uncertainty:      0.025ns  ((TSJ^2 + TIJ^2)^1/2 + DJ) / 2 + PE
    Total System Jitter     (TSJ):    0.050ns
    Total Input Jitter      (TIJ):    0.000ns
    Discrete Jitter          (DJ):    0.000ns
    Phase Error              (PE):    0.000ns

    Location             Delay type                Incr(ns)  Path(ns)    Netlist Resource(s)
  -------------------------------------------------------------------    -------------------
                         (clock sys_clk_pin rise edge)
                                                      0.000     0.000 r  
    E3                                                0.000     0.000 r  clk (IN)
                         net (fo=0)                   0.000     0.000    clk
    E3                   IBUF (Prop_ibuf_I_O)         1.482     1.482 r  clk_IBUF_inst/O
                         net (fo=1, routed)           2.025     3.506    clk_IBUF
    BUFGCTRL_X0Y16       BUFG (Prop_bufg_I_O)         0.096     3.602 r  clk_IBUF_BUFG_inst/O
                         net (fo=3610, routed)        1.885     5.488    u_uart/CLK
    SLICE_X5Y29          FDCE                                         r  u_uart/FSM_sequential_state_reg[3]/C
  -------------------------------------------------------------------    -------------------
    SLICE_X5Y29          FDCE (Prop_fdce_C_Q)         0.419     5.907 r  u_uart/FSM_sequential_state_reg[3]/Q
                         net (fo=11, routed)          0.877     6.784    u_uart/state[3]
    SLICE_X6Y29          LUT4 (Prop_lut4_I0_O)        0.325     7.109 r  u_uart/led_OBUF[7]_inst_i_1/O
                         net (fo=2, routed)           3.038    10.147    led_OBUF[7]
    U16                  OBUF (Prop_obuf_I_O)         3.759    13.906 r  led_OBUF[7]_inst/O
                         net (fo=0)                   0.000    13.906    led[7]
    U16                                                               r  led[7] (OUT)
  -------------------------------------------------------------------    -------------------

Slack:                    inf
  Source:                 por_done_reg/C
                            (rising edge-triggered cell FDRE clocked by sys_clk_pin  {rise@0.000ns fall@5.000ns period=10.000ns})
  Destination:            led[2]
                            (output port)
  Path Group:             (none)
  Path Type:              Max at Slow Process Corner
  Data Path Delay:        7.455ns  (logic 4.366ns (58.562%)  route 3.089ns (41.438%))
  Logic Levels:           2  (LUT2=1 OBUF=1)
  Clock Uncertainty:      0.025ns  ((TSJ^2 + TIJ^2)^1/2 + DJ) / 2 + PE
    Total System Jitter     (TSJ):    0.050ns
    Total Input Jitter      (TIJ):    0.000ns
    Discrete Jitter          (DJ):    0.000ns
    Phase Error              (PE):    0.000ns

    Location             Delay type                Incr(ns)  Path(ns)    Netlist Resource(s)
  -------------------------------------------------------------------    -------------------
                         (clock sys_clk_pin rise edge)
                                                      0.000     0.000 r  
    E3                                                0.000     0.000 r  clk (IN)
                         net (fo=0)                   0.000     0.000    clk
    E3                   IBUF (Prop_ibuf_I_O)         1.482     1.482 r  clk_IBUF_inst/O
                         net (fo=1, routed)           2.025     3.506    clk_IBUF
    BUFGCTRL_X0Y16       BUFG (Prop_bufg_I_O)         0.096     3.602 r  clk_IBUF_BUFG_inst/O
                         net (fo=3610, routed)        1.726     5.329    clk_IBUF_BUFG
    SLICE_X0Y97          FDRE                                         r  por_done_reg/C
  -------------------------------------------------------------------    -------------------
    SLICE_X0Y97          FDRE (Prop_fdre_C_Q)         0.456     5.785 r  por_done_reg/Q
                         net (fo=5, routed)           0.839     6.623    led_OBUF[1]
    SLICE_X0Y98          LUT2 (Prop_lut2_I0_O)        0.154     6.777 r  led_OBUF[2]_inst_i_1/O
                         net (fo=1, routed)           2.250     9.028    led_OBUF[2]
    J13                  OBUF (Prop_obuf_I_O)         3.756    12.783 r  led_OBUF[2]_inst/O
                         net (fo=0)                   0.000    12.783    led[2]
    J13                                                               r  led[2] (OUT)
  -------------------------------------------------------------------    -------------------

Slack:                    inf
  Source:                 start_ever_seen_reg/C
                            (rising edge-triggered cell FDCE clocked by sys_clk_pin  {rise@0.000ns fall@5.000ns period=10.000ns})
  Destination:            led[4]
                            (output port)
  Path Group:             (none)
  Path Type:              Max at Slow Process Corner
  Data Path Delay:        6.859ns  (logic 4.008ns (58.432%)  route 2.851ns (41.568%))
  Logic Levels:           1  (OBUF=1)
  Clock Uncertainty:      0.025ns  ((TSJ^2 + TIJ^2)^1/2 + DJ) / 2 + PE
    Total System Jitter     (TSJ):    0.050ns
    Total Input Jitter      (TIJ):    0.000ns
    Discrete Jitter          (DJ):    0.000ns
    Phase Error              (PE):    0.000ns

    Location             Delay type                Incr(ns)  Path(ns)    Netlist Resource(s)
  -------------------------------------------------------------------    -------------------
                         (clock sys_clk_pin rise edge)
                                                      0.000     0.000 r  
    E3                                                0.000     0.000 r  clk (IN)
                         net (fo=0)                   0.000     0.000    clk
    E3                   IBUF (Prop_ibuf_I_O)         1.482     1.482 r  clk_IBUF_inst/O
                         net (fo=1, routed)           2.025     3.506    clk_IBUF
    BUFGCTRL_X0Y16       BUFG (Prop_bufg_I_O)         0.096     3.602 r  clk_IBUF_BUFG_inst/O
                         net (fo=3610, routed)        1.899     5.502    clk_IBUF_BUFG
    SLICE_X0Y44          FDCE                                         r  start_ever_seen_reg/C
  -------------------------------------------------------------------    -------------------
    SLICE_X0Y44          FDCE (Prop_fdce_C_Q)         0.456     5.958 r  start_ever_seen_reg/Q
                         net (fo=1, routed)           2.851     8.809    led_OBUF[4]
    R18                  OBUF (Prop_obuf_I_O)         3.552    12.360 r  led_OBUF[4]_inst/O
                         net (fo=0)                   0.000    12.360    led[4]
    R18                                                               r  led[4] (OUT)
  -------------------------------------------------------------------    -------------------

Slack:                    inf
  Source:                 u_seq/FSM_onehot_state_reg[2]/C
                            (rising edge-triggered cell FDCE clocked by sys_clk_pin  {rise@0.000ns fall@5.000ns period=10.000ns})
  Destination:            led[6]
                            (output port)
  Path Group:             (none)
  Path Type:              Max at Slow Process Corner
  Data Path Delay:        6.728ns  (logic 4.011ns (59.616%)  route 2.717ns (40.384%))
  Logic Levels:           1  (OBUF=1)
  Clock Uncertainty:      0.025ns  ((TSJ^2 + TIJ^2)^1/2 + DJ) / 2 + PE
    Total System Jitter     (TSJ):    0.050ns
    Total Input Jitter      (TIJ):    0.000ns
    Discrete Jitter          (DJ):    0.000ns
    Phase Error              (PE):    0.000ns

    Location             Delay type                Incr(ns)  Path(ns)    Netlist Resource(s)
  -------------------------------------------------------------------    -------------------
                         (clock sys_clk_pin rise edge)
                                                      0.000     0.000 r  
    E3                                                0.000     0.000 r  clk (IN)
                         net (fo=0)                   0.000     0.000    clk
    E3                   IBUF (Prop_ibuf_I_O)         1.482     1.482 r  clk_IBUF_inst/O
                         net (fo=1, routed)           2.025     3.506    clk_IBUF
    BUFGCTRL_X0Y16       BUFG (Prop_bufg_I_O)         0.096     3.602 r  clk_IBUF_BUFG_inst/O
                         net (fo=3610, routed)        1.894     5.497    u_seq/CLK
    SLICE_X0Y36          FDCE                                         r  u_seq/FSM_onehot_state_reg[2]/C
  -------------------------------------------------------------------    -------------------
    SLICE_X0Y36          FDCE (Prop_fdce_C_Q)         0.456     5.953 r  u_seq/FSM_onehot_state_reg[2]/Q
                         net (fo=26, routed)          2.717     8.670    led_OBUF[6]
    U17                  OBUF (Prop_obuf_I_O)         3.555    12.225 r  led_OBUF[6]_inst/O
                         net (fo=0)                   0.000    12.225    led[6]
    U17                                                               r  led[6] (OUT)
  -------------------------------------------------------------------    -------------------

Slack:                    inf
  Source:                 u_seq/FSM_onehot_state_reg[3]/C
                            (rising edge-triggered cell FDCE clocked by sys_clk_pin  {rise@0.000ns fall@5.000ns period=10.000ns})
  Destination:            led[5]
                            (output port)
  Path Group:             (none)
  Path Type:              Max at Slow Process Corner
  Data Path Delay:        6.599ns  (logic 4.008ns (60.738%)  route 2.591ns (39.262%))
  Logic Levels:           1  (OBUF=1)
  Clock Uncertainty:      0.025ns  ((TSJ^2 + TIJ^2)^1/2 + DJ) / 2 + PE
    Total System Jitter     (TSJ):    0.050ns
    Total Input Jitter      (TIJ):    0.000ns
    Discrete Jitter          (DJ):    0.000ns
    Phase Error              (PE):    0.000ns

    Location             Delay type                Incr(ns)  Path(ns)    Netlist Resource(s)
  -------------------------------------------------------------------    -------------------
                         (clock sys_clk_pin rise edge)
                                                      0.000     0.000 r  
    E3                                                0.000     0.000 r  clk (IN)
                         net (fo=0)                   0.000     0.000    clk
    E3                   IBUF (Prop_ibuf_I_O)         1.482     1.482 r  clk_IBUF_inst/O
                         net (fo=1, routed)           2.025     3.506    clk_IBUF
    BUFGCTRL_X0Y16       BUFG (Prop_bufg_I_O)         0.096     3.602 r  clk_IBUF_BUFG_inst/O
                         net (fo=3610, routed)        1.894     5.497    u_seq/CLK
    SLICE_X0Y36          FDCE                                         r  u_seq/FSM_onehot_state_reg[3]/C
  -------------------------------------------------------------------    -------------------
    SLICE_X0Y36          FDCE (Prop_fdce_C_Q)         0.456     5.953 r  u_seq/FSM_onehot_state_reg[3]/Q
                         net (fo=3, routed)           2.591     8.543    led_OBUF[5]
    V17                  OBUF (Prop_obuf_I_O)         3.552    12.095 r  led_OBUF[5]_inst/O
                         net (fo=0)                   0.000    12.095    led[5]
    V17                                                               r  led[5] (OUT)
  -------------------------------------------------------------------    -------------------

Slack:                    inf
  Source:                 por_done_reg/C
                            (rising edge-triggered cell FDRE clocked by sys_clk_pin  {rise@0.000ns fall@5.000ns period=10.000ns})
  Destination:            led[1]
                            (output port)
  Path Group:             (none)
  Path Type:              Max at Slow Process Corner
  Data Path Delay:        5.875ns  (logic 3.991ns (67.942%)  route 1.883ns (32.058%))
  Logic Levels:           1  (OBUF=1)
  Clock Uncertainty:      0.025ns  ((TSJ^2 + TIJ^2)^1/2 + DJ) / 2 + PE
    Total System Jitter     (TSJ):    0.050ns
    Total Input Jitter      (TIJ):    0.000ns
    Discrete Jitter          (DJ):    0.000ns
    Phase Error              (PE):    0.000ns

    Location             Delay type                Incr(ns)  Path(ns)    Netlist Resource(s)
  -------------------------------------------------------------------    -------------------
                         (clock sys_clk_pin rise edge)
                                                      0.000     0.000 r  
    E3                                                0.000     0.000 r  clk (IN)
                         net (fo=0)                   0.000     0.000    clk
    E3                   IBUF (Prop_ibuf_I_O)         1.482     1.482 r  clk_IBUF_inst/O
                         net (fo=1, routed)           2.025     3.506    clk_IBUF
    BUFGCTRL_X0Y16       BUFG (Prop_bufg_I_O)         0.096     3.602 r  clk_IBUF_BUFG_inst/O
                         net (fo=3610, routed)        1.726     5.329    clk_IBUF_BUFG
    SLICE_X0Y97          FDRE                                         r  por_done_reg/C
  -------------------------------------------------------------------    -------------------
    SLICE_X0Y97          FDRE (Prop_fdre_C_Q)         0.456     5.785 r  por_done_reg/Q
                         net (fo=5, routed)           1.883     7.668    led_OBUF[1]
    K15                  OBUF (Prop_obuf_I_O)         3.535    11.203 r  led_OBUF[1]_inst/O
                         net (fo=0)                   0.000    11.203    led[1]
    K15                                                               r  led[1] (OUT)
  -------------------------------------------------------------------    -------------------

Slack:                    inf
  Source:                 heartbeat_cnt_reg[25]/C
                            (rising edge-triggered cell FDRE clocked by sys_clk_pin  {rise@0.000ns fall@5.000ns period=10.000ns})
  Destination:            led[0]
                            (output port)
  Path Group:             (none)
  Path Type:              Max at Slow Process Corner
  Data Path Delay:        5.663ns  (logic 3.976ns (70.216%)  route 1.687ns (29.784%))
  Logic Levels:           1  (OBUF=1)
  Clock Uncertainty:      0.025ns  ((TSJ^2 + TIJ^2)^1/2 + DJ) / 2 + PE
    Total System Jitter     (TSJ):    0.050ns
    Total Input Jitter      (TIJ):    0.000ns
    Discrete Jitter          (DJ):    0.000ns
    Phase Error              (PE):    0.000ns

    Location             Delay type                Incr(ns)  Path(ns)    Netlist Resource(s)
  -------------------------------------------------------------------    -------------------
                         (clock sys_clk_pin rise edge)
                                                      0.000     0.000 r  
    E3                                                0.000     0.000 r  clk (IN)
                         net (fo=0)                   0.000     0.000    clk
    E3                   IBUF (Prop_ibuf_I_O)         1.482     1.482 r  clk_IBUF_inst/O
                         net (fo=1, routed)           2.025     3.506    clk_IBUF
    BUFGCTRL_X0Y16       BUFG (Prop_bufg_I_O)         0.096     3.602 r  clk_IBUF_BUFG_inst/O
                         net (fo=3610, routed)        1.704     5.306    clk_IBUF_BUFG
    SLICE_X0Y113         FDRE                                         r  heartbeat_cnt_reg[25]/C
  -------------------------------------------------------------------    -------------------
    SLICE_X0Y113         FDRE (Prop_fdre_C_Q)         0.456     5.762 r  heartbeat_cnt_reg[25]/Q
                         net (fo=2, routed)           1.687     7.449    led_OBUF[0]
    H17                  OBUF (Prop_obuf_I_O)         3.520    10.969 r  led_OBUF[0]_inst/O
                         net (fo=0)                   0.000    10.969    led[0]
    H17                                                               r  led[0] (OUT)
  -------------------------------------------------------------------    -------------------





Min Delay Paths
--------------------------------------------------------------------------------------
Slack:                    inf
  Source:                 heartbeat_cnt_reg[25]/C
                            (rising edge-triggered cell FDRE clocked by sys_clk_pin  {rise@0.000ns fall@5.000ns period=10.000ns})
  Destination:            led[0]
                            (output port)
  Path Group:             (none)
  Path Type:              Min at Fast Process Corner
  Data Path Delay:        1.700ns  (logic 1.362ns (80.135%)  route 0.338ns (19.865%))
  Logic Levels:           1  (OBUF=1)
  Clock Uncertainty:      0.025ns  ((TSJ^2 + TIJ^2)^1/2 + DJ) / 2 + PE
    Total System Jitter     (TSJ):    0.050ns
    Total Input Jitter      (TIJ):    0.000ns
    Discrete Jitter          (DJ):    0.000ns
    Phase Error              (PE):    0.000ns

    Location             Delay type                Incr(ns)  Path(ns)    Netlist Resource(s)
  -------------------------------------------------------------------    -------------------
                         (clock sys_clk_pin rise edge)
                                                      0.000     0.000 r  
    E3                                                0.000     0.000 r  clk (IN)
                         net (fo=0)                   0.000     0.000    clk
    E3                   IBUF (Prop_ibuf_I_O)         0.250     0.250 r  clk_IBUF_inst/O
                         net (fo=1, routed)           0.644     0.894    clk_IBUF
    BUFGCTRL_X0Y16       BUFG (Prop_bufg_I_O)         0.026     0.920 r  clk_IBUF_BUFG_inst/O
                         net (fo=3610, routed)        0.594     1.513    clk_IBUF_BUFG
    SLICE_X0Y113         FDRE                                         r  heartbeat_cnt_reg[25]/C
  -------------------------------------------------------------------    -------------------
    SLICE_X0Y113         FDRE (Prop_fdre_C_Q)         0.141     1.654 r  heartbeat_cnt_reg[25]/Q
                         net (fo=2, routed)           0.338     1.992    led_OBUF[0]
    H17                  OBUF (Prop_obuf_I_O)         1.221     3.214 r  led_OBUF[0]_inst/O
                         net (fo=0)                   0.000     3.214    led[0]
    H17                                                               r  led[0] (OUT)
  -------------------------------------------------------------------    -------------------

Slack:                    inf
  Source:                 por_done_reg/C
                            (rising edge-triggered cell FDRE clocked by sys_clk_pin  {rise@0.000ns fall@5.000ns period=10.000ns})
  Destination:            led[1]
                            (output port)
  Path Group:             (none)
  Path Type:              Min at Fast Process Corner
  Data Path Delay:        1.823ns  (logic 1.377ns (75.524%)  route 0.446ns (24.476%))
  Logic Levels:           1  (OBUF=1)
  Clock Uncertainty:      0.025ns  ((TSJ^2 + TIJ^2)^1/2 + DJ) / 2 + PE
    Total System Jitter     (TSJ):    0.050ns
    Total Input Jitter      (TIJ):    0.000ns
    Discrete Jitter          (DJ):    0.000ns
    Phase Error              (PE):    0.000ns

    Location             Delay type                Incr(ns)  Path(ns)    Netlist Resource(s)
  -------------------------------------------------------------------    -------------------
                         (clock sys_clk_pin rise edge)
                                                      0.000     0.000 r  
    E3                                                0.000     0.000 r  clk (IN)
                         net (fo=0)                   0.000     0.000    clk
    E3                   IBUF (Prop_ibuf_I_O)         0.250     0.250 r  clk_IBUF_inst/O
                         net (fo=1, routed)           0.644     0.894    clk_IBUF
    BUFGCTRL_X0Y16       BUFG (Prop_bufg_I_O)         0.026     0.920 r  clk_IBUF_BUFG_inst/O
                         net (fo=3610, routed)        0.605     1.524    clk_IBUF_BUFG
    SLICE_X0Y97          FDRE                                         r  por_done_reg/C
  -------------------------------------------------------------------    -------------------
    SLICE_X0Y97          FDRE (Prop_fdre_C_Q)         0.141     1.665 r  por_done_reg/Q
                         net (fo=5, routed)           0.446     2.112    led_OBUF[1]
    K15                  OBUF (Prop_obuf_I_O)         1.236     3.348 r  led_OBUF[1]_inst/O
                         net (fo=0)                   0.000     3.348    led[1]
    K15                                                               r  led[1] (OUT)
  -------------------------------------------------------------------    -------------------

Slack:                    inf
  Source:                 u_seq/FSM_onehot_state_reg[3]/C
                            (rising edge-triggered cell FDCE clocked by sys_clk_pin  {rise@0.000ns fall@5.000ns period=10.000ns})
  Destination:            led[5]
                            (output port)
  Path Group:             (none)
  Path Type:              Min at Fast Process Corner
  Data Path Delay:        2.099ns  (logic 1.393ns (66.382%)  route 0.706ns (33.618%))
  Logic Levels:           1  (OBUF=1)
  Clock Uncertainty:      0.025ns  ((TSJ^2 + TIJ^2)^1/2 + DJ) / 2 + PE
    Total System Jitter     (TSJ):    0.050ns
    Total Input Jitter      (TIJ):    0.000ns
    Discrete Jitter          (DJ):    0.000ns
    Phase Error              (PE):    0.000ns

    Location             Delay type                Incr(ns)  Path(ns)    Netlist Resource(s)
  -------------------------------------------------------------------    -------------------
                         (clock sys_clk_pin rise edge)
                                                      0.000     0.000 r  
    E3                                                0.000     0.000 r  clk (IN)
                         net (fo=0)                   0.000     0.000    clk
    E3                   IBUF (Prop_ibuf_I_O)         0.250     0.250 r  clk_IBUF_inst/O
                         net (fo=1, routed)           0.644     0.894    clk_IBUF
    BUFGCTRL_X0Y16       BUFG (Prop_bufg_I_O)         0.026     0.920 r  clk_IBUF_BUFG_inst/O
                         net (fo=3610, routed)        0.666     1.586    u_seq/CLK
    SLICE_X0Y36          FDCE                                         r  u_seq/FSM_onehot_state_reg[3]/C
  -------------------------------------------------------------------    -------------------
    SLICE_X0Y36          FDCE (Prop_fdce_C_Q)         0.141     1.727 r  u_seq/FSM_onehot_state_reg[3]/Q
                         net (fo=3, routed)           0.706     2.433    led_OBUF[5]
    V17                  OBUF (Prop_obuf_I_O)         1.252     3.685 r  led_OBUF[5]_inst/O
                         net (fo=0)                   0.000     3.685    led[5]
    V17                                                               r  led[5] (OUT)
  -------------------------------------------------------------------    -------------------

Slack:                    inf
  Source:                 u_seq/FSM_onehot_state_reg[2]/C
                            (rising edge-triggered cell FDCE clocked by sys_clk_pin  {rise@0.000ns fall@5.000ns period=10.000ns})
  Destination:            led[6]
                            (output port)
  Path Group:             (none)
  Path Type:              Min at Fast Process Corner
  Data Path Delay:        2.201ns  (logic 1.397ns (63.462%)  route 0.804ns (36.538%))
  Logic Levels:           1  (OBUF=1)
  Clock Uncertainty:      0.025ns  ((TSJ^2 + TIJ^2)^1/2 + DJ) / 2 + PE
    Total System Jitter     (TSJ):    0.050ns
    Total Input Jitter      (TIJ):    0.000ns
    Discrete Jitter          (DJ):    0.000ns
    Phase Error              (PE):    0.000ns

    Location             Delay type                Incr(ns)  Path(ns)    Netlist Resource(s)
  -------------------------------------------------------------------    -------------------
                         (clock sys_clk_pin rise edge)
                                                      0.000     0.000 r  
    E3                                                0.000     0.000 r  clk (IN)
                         net (fo=0)                   0.000     0.000    clk
    E3                   IBUF (Prop_ibuf_I_O)         0.250     0.250 r  clk_IBUF_inst/O
                         net (fo=1, routed)           0.644     0.894    clk_IBUF
    BUFGCTRL_X0Y16       BUFG (Prop_bufg_I_O)         0.026     0.920 r  clk_IBUF_BUFG_inst/O
                         net (fo=3610, routed)        0.666     1.586    u_seq/CLK
    SLICE_X0Y36          FDCE                                         r  u_seq/FSM_onehot_state_reg[2]/C
  -------------------------------------------------------------------    -------------------
    SLICE_X0Y36          FDCE (Prop_fdce_C_Q)         0.141     1.727 r  u_seq/FSM_onehot_state_reg[2]/Q
                         net (fo=26, routed)          0.804     2.531    led_OBUF[6]
    U17                  OBUF (Prop_obuf_I_O)         1.256     3.787 r  led_OBUF[6]_inst/O
                         net (fo=0)                   0.000     3.787    led[6]
    U17                                                               r  led[6] (OUT)
  -------------------------------------------------------------------    -------------------

Slack:                    inf
  Source:                 start_ever_seen_reg/C
                            (rising edge-triggered cell FDCE clocked by sys_clk_pin  {rise@0.000ns fall@5.000ns period=10.000ns})
  Destination:            led[4]
                            (output port)
  Path Group:             (none)
  Path Type:              Min at Fast Process Corner
  Data Path Delay:        2.229ns  (logic 1.393ns (62.501%)  route 0.836ns (37.500%))
  Logic Levels:           1  (OBUF=1)
  Clock Uncertainty:      0.025ns  ((TSJ^2 + TIJ^2)^1/2 + DJ) / 2 + PE
    Total System Jitter     (TSJ):    0.050ns
    Total Input Jitter      (TIJ):    0.000ns
    Discrete Jitter          (DJ):    0.000ns
    Phase Error              (PE):    0.000ns

    Location             Delay type                Incr(ns)  Path(ns)    Netlist Resource(s)
  -------------------------------------------------------------------    -------------------
                         (clock sys_clk_pin rise edge)
                                                      0.000     0.000 r  
    E3                                                0.000     0.000 r  clk (IN)
                         net (fo=0)                   0.000     0.000    clk
    E3                   IBUF (Prop_ibuf_I_O)         0.250     0.250 r  clk_IBUF_inst/O
                         net (fo=1, routed)           0.644     0.894    clk_IBUF
    BUFGCTRL_X0Y16       BUFG (Prop_bufg_I_O)         0.026     0.920 r  clk_IBUF_BUFG_inst/O
                         net (fo=3610, routed)        0.670     1.590    clk_IBUF_BUFG
    SLICE_X0Y44          FDCE                                         r  start_ever_seen_reg/C
  -------------------------------------------------------------------    -------------------
    SLICE_X0Y44          FDCE (Prop_fdce_C_Q)         0.141     1.731 r  start_ever_seen_reg/Q
                         net (fo=1, routed)           0.836     2.567    led_OBUF[4]
    R18                  OBUF (Prop_obuf_I_O)         1.252     3.819 r  led_OBUF[4]_inst/O
                         net (fo=0)                   0.000     3.819    led[4]
    R18                                                               r  led[4] (OUT)
  -------------------------------------------------------------------    -------------------

Slack:                    inf
  Source:                 por_done_reg/C
                            (rising edge-triggered cell FDRE clocked by sys_clk_pin  {rise@0.000ns fall@5.000ns period=10.000ns})
  Destination:            led[2]
                            (output port)
  Path Group:             (none)
  Path Type:              Min at Fast Process Corner
  Data Path Delay:        2.392ns  (logic 1.503ns (62.838%)  route 0.889ns (37.162%))
  Logic Levels:           2  (LUT2=1 OBUF=1)
  Clock Uncertainty:      0.025ns  ((TSJ^2 + TIJ^2)^1/2 + DJ) / 2 + PE
    Total System Jitter     (TSJ):    0.050ns
    Total Input Jitter      (TIJ):    0.000ns
    Discrete Jitter          (DJ):    0.000ns
    Phase Error              (PE):    0.000ns

    Location             Delay type                Incr(ns)  Path(ns)    Netlist Resource(s)
  -------------------------------------------------------------------    -------------------
                         (clock sys_clk_pin rise edge)
                                                      0.000     0.000 r  
    E3                                                0.000     0.000 r  clk (IN)
                         net (fo=0)                   0.000     0.000    clk
    E3                   IBUF (Prop_ibuf_I_O)         0.250     0.250 r  clk_IBUF_inst/O
                         net (fo=1, routed)           0.644     0.894    clk_IBUF
    BUFGCTRL_X0Y16       BUFG (Prop_bufg_I_O)         0.026     0.920 r  clk_IBUF_BUFG_inst/O
                         net (fo=3610, routed)        0.605     1.524    clk_IBUF_BUFG
    SLICE_X0Y97          FDRE                                         r  por_done_reg/C
  -------------------------------------------------------------------    -------------------
    SLICE_X0Y97          FDRE (Prop_fdre_C_Q)         0.141     1.665 r  por_done_reg/Q
                         net (fo=5, routed)           0.309     1.974    led_OBUF[1]
    SLICE_X0Y98          LUT2 (Prop_lut2_I0_O)        0.044     2.018 r  led_OBUF[2]_inst_i_1/O
                         net (fo=1, routed)           0.580     2.598    led_OBUF[2]
    J13                  OBUF (Prop_obuf_I_O)         1.318     3.917 r  led_OBUF[2]_inst/O
                         net (fo=0)                   0.000     3.917    led[2]
    J13                                                               r  led[2] (OUT)
  -------------------------------------------------------------------    -------------------

Slack:                    inf
  Source:                 u_uart/FSM_sequential_state_reg[1]/C
                            (rising edge-triggered cell FDCE clocked by sys_clk_pin  {rise@0.000ns fall@5.000ns period=10.000ns})
  Destination:            led[7]
                            (output port)
  Path Group:             (none)
  Path Type:              Min at Fast Process Corner
  Data Path Delay:        2.599ns  (logic 1.511ns (58.134%)  route 1.088ns (41.866%))
  Logic Levels:           2  (LUT4=1 OBUF=1)
  Clock Uncertainty:      0.025ns  ((TSJ^2 + TIJ^2)^1/2 + DJ) / 2 + PE
    Total System Jitter     (TSJ):    0.050ns
    Total Input Jitter      (TIJ):    0.000ns
    Discrete Jitter          (DJ):    0.000ns
    Phase Error              (PE):    0.000ns

    Location             Delay type                Incr(ns)  Path(ns)    Netlist Resource(s)
  -------------------------------------------------------------------    -------------------
                         (clock sys_clk_pin rise edge)
                                                      0.000     0.000 r  
    E3                                                0.000     0.000 r  clk (IN)
                         net (fo=0)                   0.000     0.000    clk
    E3                   IBUF (Prop_ibuf_I_O)         0.250     0.250 r  clk_IBUF_inst/O
                         net (fo=1, routed)           0.644     0.894    clk_IBUF
    BUFGCTRL_X0Y16       BUFG (Prop_bufg_I_O)         0.026     0.920 r  clk_IBUF_BUFG_inst/O
                         net (fo=3610, routed)        0.660     1.580    u_uart/CLK
    SLICE_X5Y29          FDCE                                         r  u_uart/FSM_sequential_state_reg[1]/C
  -------------------------------------------------------------------    -------------------
    SLICE_X5Y29          FDCE (Prop_fdce_C_Q)         0.141     1.721 r  u_uart/FSM_sequential_state_reg[1]/Q
                         net (fo=13, routed)          0.184     1.905    u_uart/state[1]
    SLICE_X6Y29          LUT4 (Prop_lut4_I3_O)        0.048     1.953 r  u_uart/led_OBUF[7]_inst_i_1/O
                         net (fo=2, routed)           0.904     2.857    led_OBUF[7]
    U16                  OBUF (Prop_obuf_I_O)         1.322     4.179 r  led_OBUF[7]_inst/O
                         net (fo=0)                   0.000     4.179    led[7]
    U16                                                               r  led[7] (OUT)
  -------------------------------------------------------------------    -------------------

Slack:                    inf
  Source:                 u_uart/data_reg_reg[5]/C
                            (rising edge-triggered cell FDCE clocked by sys_clk_pin  {rise@0.000ns fall@5.000ns period=10.000ns})
  Destination:            tx_out
                            (output port)
  Path Group:             (none)
  Path Type:              Min at Fast Process Corner
  Data Path Delay:        4.419ns  (logic 1.442ns (32.631%)  route 2.977ns (67.369%))
  Logic Levels:           2  (LUT6=1 OBUF=1)
  Clock Uncertainty:      0.025ns  ((TSJ^2 + TIJ^2)^1/2 + DJ) / 2 + PE
    Total System Jitter     (TSJ):    0.050ns
    Total Input Jitter      (TIJ):    0.000ns
    Discrete Jitter          (DJ):    0.000ns
    Phase Error              (PE):    0.000ns

    Location             Delay type                Incr(ns)  Path(ns)    Netlist Resource(s)
  -------------------------------------------------------------------    -------------------
                         (clock sys_clk_pin rise edge)
                                                      0.000     0.000 r  
    E3                                                0.000     0.000 r  clk (IN)
                         net (fo=0)                   0.000     0.000    clk
    E3                   IBUF (Prop_ibuf_I_O)         0.250     0.250 r  clk_IBUF_inst/O
                         net (fo=1, routed)           0.644     0.894    clk_IBUF
    BUFGCTRL_X0Y16       BUFG (Prop_bufg_I_O)         0.026     0.920 r  clk_IBUF_BUFG_inst/O
                         net (fo=3610, routed)        0.661     1.581    u_uart/CLK
    SLICE_X7Y30          FDCE                                         r  u_uart/data_reg_reg[5]/C
  -------------------------------------------------------------------    -------------------
    SLICE_X7Y30          FDCE (Prop_fdce_C_Q)         0.141     1.722 r  u_uart/data_reg_reg[5]/Q
                         net (fo=1, routed)           0.056     1.778    u_uart/p_2_in
    SLICE_X6Y30          LUT6 (Prop_lut6_I1_O)        0.045     1.823 r  u_uart/tx_out_OBUF_inst_i_1/O
                         net (fo=1, routed)           2.921     4.744    tx_out_OBUF
    D4                   OBUF (Prop_obuf_I_O)         1.256     6.000 r  tx_out_OBUF_inst/O
                         net (fo=0)                   0.000     6.000    tx_out
    D4                                                                r  tx_out (OUT)
  -------------------------------------------------------------------    -------------------





--------------------------------------------------------------------------------------
Path Group:  (none)
From Clock:  
  To Clock:  sys_clk_pin

Max Delay           195 Endpoints
Min Delay           195 Endpoints
--------------------------------------------------------------------------------------


Max Delay Paths
--------------------------------------------------------------------------------------
Slack:                    inf
  Source:                 btn_rst
                            (input port)
  Destination:            u_fifo/u_fifo/U0/inst_fifo_gen/gconvfifo.rf/grf.rf/gntv_or_sync_fifo.mem/gbm.gbmg.gbmga.ngecc.bmg/inst_blk_mem_gen/gnbram.gnativebmg.native_blk_mem_gen/valid.cstr/ramloop[0].ram.r/prim_noinit.ram/DEVICE_7SERIES.NO_BMM_INFO.SDP.SIMPLE_PRIM36.ram/ENBWREN
                            (rising edge-triggered cell RAMB36E1 clocked by sys_clk_pin  {rise@0.000ns fall@5.000ns period=10.000ns})
  Path Group:             (none)
  Path Type:              Setup (Max at Slow Process Corner)
  Data Path Delay:        8.068ns  (logic 1.725ns (21.376%)  route 6.343ns (78.624%))
  Logic Levels:           3  (IBUF=1 LUT2=1 LUT5=1)
  Clock Path Skew:        5.147ns (DCD - SCD + CPR)
    Destination Clock Delay (DCD):    5.147ns
    Source Clock Delay      (SCD):    0.000ns
    Clock Pessimism Removal (CPR):    0.000ns
  Clock Uncertainty:      0.025ns  ((TSJ^2 + TIJ^2)^1/2 + DJ) / 2 + PE
    Total System Jitter     (TSJ):    0.050ns
    Total Input Jitter      (TIJ):    0.000ns
    Discrete Jitter          (DJ):    0.000ns
    Phase Error              (PE):    0.000ns

    Location             Delay type                Incr(ns)  Path(ns)    Netlist Resource(s)
  -------------------------------------------------------------------    -------------------
    N17                                               0.000     0.000 r  btn_rst (IN)
                         net (fo=0)                   0.000     0.000    btn_rst
    N17                  IBUF (Prop_ibuf_I_O)         1.477     1.477 r  btn_rst_IBUF_inst/O
                         net (fo=2, routed)           1.841     3.318    u_ser/btn_rst_IBUF
    SLICE_X0Y97          LUT2 (Prop_lut2_I0_O)        0.124     3.442 r  u_ser/FSM_onehot_state[3]_i_2/O
                         net (fo=193, routed)         3.710     7.151    top/fifo_sync/fifo_generator_0/<hidden>/<hidden>/<hidden>/<hidden>/<hidden>/<hidden>
    SLICE_X7Y25          LUT5 (Prop_lut5_I4_O)        0.124     7.275 r  top/fifo_sync/fifo_generator_0/<hidden>/<hidden>/<hidden>/<hidden>/<hidden>/<hidden>
                         net (fo=2, routed)           0.792     8.068    u_fifo/u_fifo/U0/inst_fifo_gen/gconvfifo.rf/grf.rf/gntv_or_sync_fifo.mem/gbm.gbmg.gbmga.ngecc.bmg/inst_blk_mem_gen/gnbram.gnativebmg.native_blk_mem_gen/valid.cstr/ramloop[0].ram.r/prim_noinit.ram/enb
    RAMB36_X0Y6          RAMB36E1                                     r  u_fifo/u_fifo/U0/inst_fifo_gen/gconvfifo.rf/grf.rf/gntv_or_sync_fifo.mem/gbm.gbmg.gbmga.ngecc.bmg/inst_blk_mem_gen/gnbram.gnativebmg.native_blk_mem_gen/valid.cstr/ramloop[0].ram.r/prim_noinit.ram/DEVICE_7SERIES.NO_BMM_INFO.SDP.SIMPLE_PRIM36.ram/ENBWREN
  -------------------------------------------------------------------    -------------------

                         (clock sys_clk_pin rise edge)
                                                      0.000     0.000 r  
    E3                                                0.000     0.000 r  clk (IN)
                         net (fo=0)                   0.000     0.000    clk
    E3                   IBUF (Prop_ibuf_I_O)         1.411     1.411 r  clk_IBUF_inst/O
                         net (fo=1, routed)           1.920     3.331    clk_IBUF
    BUFGCTRL_X0Y16       BUFG (Prop_bufg_I_O)         0.091     3.422 r  clk_IBUF_BUFG_inst/O
                         net (fo=3610, routed)        1.724     5.147    u_fifo/u_fifo/U0/inst_fifo_gen/gconvfifo.rf/grf.rf/gntv_or_sync_fifo.mem/gbm.gbmg.gbmga.ngecc.bmg/inst_blk_mem_gen/gnbram.gnativebmg.native_blk_mem_gen/valid.cstr/ramloop[0].ram.r/prim_noinit.ram/clka
    RAMB36_X0Y6          RAMB36E1                                     r  u_fifo/u_fifo/U0/inst_fifo_gen/gconvfifo.rf/grf.rf/gntv_or_sync_fifo.mem/gbm.gbmg.gbmga.ngecc.bmg/inst_blk_mem_gen/gnbram.gnativebmg.native_blk_mem_gen/valid.cstr/ramloop[0].ram.r/prim_noinit.ram/DEVICE_7SERIES.NO_BMM_INFO.SDP.SIMPLE_PRIM36.ram/CLKBWRCLK

Slack:                    inf
  Source:                 btn_rst
                            (input port)
  Destination:            u_fifo/u_fifo/U0/inst_fifo_gen/gconvfifo.rf/grf.rf/gntv_or_sync_fifo.mem/gbm.gbmg.gbmga.ngecc.bmg/inst_blk_mem_gen/gnbram.gnativebmg.native_blk_mem_gen/valid.cstr/ramloop[1].ram.r/prim_noinit.ram/DEVICE_7SERIES.NO_BMM_INFO.SDP.SIMPLE_PRIM36.ram/ENBWREN
                            (rising edge-triggered cell RAMB36E1 clocked by sys_clk_pin  {rise@0.000ns fall@5.000ns period=10.000ns})
  Path Group:             (none)
  Path Type:              Setup (Max at Slow Process Corner)
  Data Path Delay:        8.010ns  (logic 1.725ns (21.530%)  route 6.286ns (78.470%))
  Logic Levels:           3  (IBUF=1 LUT2=1 LUT5=1)
  Clock Path Skew:        5.142ns (DCD - SCD + CPR)
    Destination Clock Delay (DCD):    5.142ns
    Source Clock Delay      (SCD):    0.000ns
    Clock Pessimism Removal (CPR):    0.000ns
  Clock Uncertainty:      0.025ns  ((TSJ^2 + TIJ^2)^1/2 + DJ) / 2 + PE
    Total System Jitter     (TSJ):    0.050ns
    Total Input Jitter      (TIJ):    0.000ns
    Discrete Jitter          (DJ):    0.000ns
    Phase Error              (PE):    0.000ns

    Location             Delay type                Incr(ns)  Path(ns)    Netlist Resource(s)
  -------------------------------------------------------------------    -------------------
    N17                                               0.000     0.000 r  btn_rst (IN)
                         net (fo=0)                   0.000     0.000    btn_rst
    N17                  IBUF (Prop_ibuf_I_O)         1.477     1.477 r  btn_rst_IBUF_inst/O
                         net (fo=2, routed)           1.841     3.318    u_ser/btn_rst_IBUF
    SLICE_X0Y97          LUT2 (Prop_lut2_I0_O)        0.124     3.442 r  u_ser/FSM_onehot_state[3]_i_2/O
                         net (fo=193, routed)         3.710     7.151    top/fifo_sync/fifo_generator_0/<hidden>/<hidden>/<hidden>/<hidden>/<hidden>/<hidden>
    SLICE_X7Y25          LUT5 (Prop_lut5_I4_O)        0.124     7.275 r  top/fifo_sync/fifo_generator_0/<hidden>/<hidden>/<hidden>/<hidden>/<hidden>/<hidden>
                         net (fo=2, routed)           0.735     8.010    u_fifo/u_fifo/U0/inst_fifo_gen/gconvfifo.rf/grf.rf/gntv_or_sync_fifo.mem/gbm.gbmg.gbmga.ngecc.bmg/inst_blk_mem_gen/gnbram.gnativebmg.native_blk_mem_gen/valid.cstr/ramloop[1].ram.r/prim_noinit.ram/enb
    RAMB36_X0Y5          RAMB36E1                                     r  u_fifo/u_fifo/U0/inst_fifo_gen/gconvfifo.rf/grf.rf/gntv_or_sync_fifo.mem/gbm.gbmg.gbmga.ngecc.bmg/inst_blk_mem_gen/gnbram.gnativebmg.native_blk_mem_gen/valid.cstr/ramloop[1].ram.r/prim_noinit.ram/DEVICE_7SERIES.NO_BMM_INFO.SDP.SIMPLE_PRIM36.ram/ENBWREN
  -------------------------------------------------------------------    -------------------

                         (clock sys_clk_pin rise edge)
                                                      0.000     0.000 r  
    E3                                                0.000     0.000 r  clk (IN)
                         net (fo=0)                   0.000     0.000    clk
    E3                   IBUF (Prop_ibuf_I_O)         1.411     1.411 r  clk_IBUF_inst/O
                         net (fo=1, routed)           1.920     3.331    clk_IBUF
    BUFGCTRL_X0Y16       BUFG (Prop_bufg_I_O)         0.091     3.422 r  clk_IBUF_BUFG_inst/O
                         net (fo=3610, routed)        1.719     5.142    u_fifo/u_fifo/U0/inst_fifo_gen/gconvfifo.rf/grf.rf/gntv_or_sync_fifo.mem/gbm.gbmg.gbmga.ngecc.bmg/inst_blk_mem_gen/gnbram.gnativebmg.native_blk_mem_gen/valid.cstr/ramloop[1].ram.r/prim_noinit.ram/clka
    RAMB36_X0Y5          RAMB36E1                                     r  u_fifo/u_fifo/U0/inst_fifo_gen/gconvfifo.rf/grf.rf/gntv_or_sync_fifo.mem/gbm.gbmg.gbmga.ngecc.bmg/inst_blk_mem_gen/gnbram.gnativebmg.native_blk_mem_gen/valid.cstr/ramloop[1].ram.r/prim_noinit.ram/DEVICE_7SERIES.NO_BMM_INFO.SDP.SIMPLE_PRIM36.ram/CLKBWRCLK

Slack:                    inf
  Source:                 btn_rst
                            (input port)
  Destination:            top/fifo_sync/fifo_generator_0/<hidden>/<hidden>/<hidden>/<hidden>/<hidden>/<hidden>
                            (rising edge-triggered cell FDSE clocked by sys_clk_pin  {rise@0.000ns fall@5.000ns period=10.000ns})
  Path Group:             (none)
  Path Type:              Setup (Max at Slow Process Corner)
  Data Path Delay:        7.968ns  (logic 1.601ns (20.089%)  route 6.367ns (79.911%))
  Logic Levels:           2  (IBUF=1 LUT2=1)
  Clock Path Skew:        5.175ns (DCD - SCD + CPR)
    Destination Clock Delay (DCD):    5.175ns
    Source Clock Delay      (SCD):    0.000ns
    Clock Pessimism Removal (CPR):    0.000ns
  Clock Uncertainty:      0.025ns  ((TSJ^2 + TIJ^2)^1/2 + DJ) / 2 + PE
    Total System Jitter     (TSJ):    0.050ns
    Total Input Jitter      (TIJ):    0.000ns
    Discrete Jitter          (DJ):    0.000ns
    Phase Error              (PE):    0.000ns

    Location             Delay type                Incr(ns)  Path(ns)    Netlist Resource(s)
  -------------------------------------------------------------------    -------------------
    N17                                               0.000     0.000 r  btn_rst (IN)
                         net (fo=0)                   0.000     0.000    btn_rst
    N17                  IBUF (Prop_ibuf_I_O)         1.477     1.477 r  btn_rst_IBUF_inst/O
                         net (fo=2, routed)           1.841     3.318    u_ser/btn_rst_IBUF
    SLICE_X0Y97          LUT2 (Prop_lut2_I0_O)        0.124     3.442 r  u_ser/FSM_onehot_state[3]_i_2/O
                         net (fo=193, routed)         4.526     7.968    top/fifo_sync/fifo_generator_0/<hidden>/<hidden>/<hidden>/<hidden>/<hidden>/<hidden>
    SLICE_X7Y25          FDSE                                         r  top/fifo_sync/fifo_generator_0/<hidden>/<hidden>/<hidden>/<hidden>/<hidden>/<hidden>
  -------------------------------------------------------------------    -------------------

                         (clock sys_clk_pin rise edge)
                                                      0.000     0.000 r  
    E3                                                0.000     0.000 r  clk (IN)
                         net (fo=0)                   0.000     0.000    clk
    E3                   IBUF (Prop_ibuf_I_O)         1.411     1.411 r  clk_IBUF_inst/O
                         net (fo=1, routed)           1.920     3.331    clk_IBUF
    BUFGCTRL_X0Y16       BUFG (Prop_bufg_I_O)         0.091     3.422 r  clk_IBUF_BUFG_inst/O
                         net (fo=3610, routed)        1.753     5.175    top/fifo_sync/fifo_generator_0/<hidden>/<hidden>/<hidden>/<hidden>/<hidden>/<hidden>
    SLICE_X7Y25          FDSE                                         r  top/fifo_sync/fifo_generator_0/<hidden>/<hidden>/<hidden>/<hidden>/<hidden>/<hidden>

Slack:                    inf
  Source:                 btn_rst
                            (input port)
  Destination:            top/fifo_sync/fifo_generator_0/<hidden>/<hidden>/<hidden>/<hidden>/<hidden>/<hidden>
                            (rising edge-triggered cell FDRE clocked by sys_clk_pin  {rise@0.000ns fall@5.000ns period=10.000ns})
  Path Group:             (none)
  Path Type:              Setup (Max at Slow Process Corner)
  Data Path Delay:        7.968ns  (logic 1.601ns (20.089%)  route 6.367ns (79.911%))
  Logic Levels:           2  (IBUF=1 LUT2=1)
  Clock Path Skew:        5.175ns (DCD - SCD + CPR)
    Destination Clock Delay (DCD):    5.175ns
    Source Clock Delay      (SCD):    0.000ns
    Clock Pessimism Removal (CPR):    0.000ns
  Clock Uncertainty:      0.025ns  ((TSJ^2 + TIJ^2)^1/2 + DJ) / 2 + PE
    Total System Jitter     (TSJ):    0.050ns
    Total Input Jitter      (TIJ):    0.000ns
    Discrete Jitter          (DJ):    0.000ns
    Phase Error              (PE):    0.000ns

    Location             Delay type                Incr(ns)  Path(ns)    Netlist Resource(s)
  -------------------------------------------------------------------    -------------------
    N17                                               0.000     0.000 r  btn_rst (IN)
                         net (fo=0)                   0.000     0.000    btn_rst
    N17                  IBUF (Prop_ibuf_I_O)         1.477     1.477 r  btn_rst_IBUF_inst/O
                         net (fo=2, routed)           1.841     3.318    u_ser/btn_rst_IBUF
    SLICE_X0Y97          LUT2 (Prop_lut2_I0_O)        0.124     3.442 r  u_ser/FSM_onehot_state[3]_i_2/O
                         net (fo=193, routed)         4.526     7.968    top/fifo_sync/fifo_generator_0/<hidden>/<hidden>/<hidden>/<hidden>/<hidden>/<hidden>
    SLICE_X7Y25          FDRE                                         r  top/fifo_sync/fifo_generator_0/<hidden>/<hidden>/<hidden>/<hidden>/<hidden>/<hidden>
  -------------------------------------------------------------------    -------------------

                         (clock sys_clk_pin rise edge)
                                                      0.000     0.000 r  
    E3                                                0.000     0.000 r  clk (IN)
                         net (fo=0)                   0.000     0.000    clk
    E3                   IBUF (Prop_ibuf_I_O)         1.411     1.411 r  clk_IBUF_inst/O
                         net (fo=1, routed)           1.920     3.331    clk_IBUF
    BUFGCTRL_X0Y16       BUFG (Prop_bufg_I_O)         0.091     3.422 r  clk_IBUF_BUFG_inst/O
                         net (fo=3610, routed)        1.753     5.175    top/fifo_sync/fifo_generator_0/<hidden>/<hidden>/<hidden>/<hidden>/<hidden>/<hidden>
    SLICE_X7Y25          FDRE                                         r  top/fifo_sync/fifo_generator_0/<hidden>/<hidden>/<hidden>/<hidden>/<hidden>/<hidden>

Slack:                    inf
  Source:                 btn_rst
                            (input port)
  Destination:            top/fifo_sync/fifo_generator_0/<hidden>/<hidden>/<hidden>/<hidden>/<hidden>/<hidden>
                            (rising edge-triggered cell FDRE clocked by sys_clk_pin  {rise@0.000ns fall@5.000ns period=10.000ns})
  Path Group:             (none)
  Path Type:              Setup (Max at Slow Process Corner)
  Data Path Delay:        7.968ns  (logic 1.601ns (20.089%)  route 6.367ns (79.911%))
  Logic Levels:           2  (IBUF=1 LUT2=1)
  Clock Path Skew:        5.175ns (DCD - SCD + CPR)
    Destination Clock Delay (DCD):    5.175ns
    Source Clock Delay      (SCD):    0.000ns
    Clock Pessimism Removal (CPR):    0.000ns
  Clock Uncertainty:      0.025ns  ((TSJ^2 + TIJ^2)^1/2 + DJ) / 2 + PE
    Total System Jitter     (TSJ):    0.050ns
    Total Input Jitter      (TIJ):    0.000ns
    Discrete Jitter          (DJ):    0.000ns
    Phase Error              (PE):    0.000ns

    Location             Delay type                Incr(ns)  Path(ns)    Netlist Resource(s)
  -------------------------------------------------------------------    -------------------
    N17                                               0.000     0.000 r  btn_rst (IN)
                         net (fo=0)                   0.000     0.000    btn_rst
    N17                  IBUF (Prop_ibuf_I_O)         1.477     1.477 r  btn_rst_IBUF_inst/O
                         net (fo=2, routed)           1.841     3.318    u_ser/btn_rst_IBUF
    SLICE_X0Y97          LUT2 (Prop_lut2_I0_O)        0.124     3.442 r  u_ser/FSM_onehot_state[3]_i_2/O
                         net (fo=193, routed)         4.526     7.968    top/fifo_sync/fifo_generator_0/<hidden>/<hidden>/<hidden>/<hidden>/<hidden>/<hidden>
    SLICE_X7Y25          FDRE                                         r  top/fifo_sync/fifo_generator_0/<hidden>/<hidden>/<hidden>/<hidden>/<hidden>/<hidden>
  -------------------------------------------------------------------    -------------------

                         (clock sys_clk_pin rise edge)
                                                      0.000     0.000 r  
    E3                                                0.000     0.000 r  clk (IN)
                         net (fo=0)                   0.000     0.000    clk
    E3                   IBUF (Prop_ibuf_I_O)         1.411     1.411 r  clk_IBUF_inst/O
                         net (fo=1, routed)           1.920     3.331    clk_IBUF
    BUFGCTRL_X0Y16       BUFG (Prop_bufg_I_O)         0.091     3.422 r  clk_IBUF_BUFG_inst/O
                         net (fo=3610, routed)        1.753     5.175    top/fifo_sync/fifo_generator_0/<hidden>/<hidden>/<hidden>/<hidden>/<hidden>/<hidden>
    SLICE_X7Y25          FDRE                                         r  top/fifo_sync/fifo_generator_0/<hidden>/<hidden>/<hidden>/<hidden>/<hidden>/<hidden>

Slack:                    inf
  Source:                 btn_rst
                            (input port)
  Destination:            top/fifo_sync/fifo_generator_0/<hidden>/<hidden>/<hidden>/<hidden>/<hidden>/<hidden>
                            (rising edge-triggered cell FDRE clocked by sys_clk_pin  {rise@0.000ns fall@5.000ns period=10.000ns})
  Path Group:             (none)
  Path Type:              Setup (Max at Slow Process Corner)
  Data Path Delay:        7.968ns  (logic 1.601ns (20.089%)  route 6.367ns (79.911%))
  Logic Levels:           2  (IBUF=1 LUT2=1)
  Clock Path Skew:        5.175ns (DCD - SCD + CPR)
    Destination Clock Delay (DCD):    5.175ns
    Source Clock Delay      (SCD):    0.000ns
    Clock Pessimism Removal (CPR):    0.000ns
  Clock Uncertainty:      0.025ns  ((TSJ^2 + TIJ^2)^1/2 + DJ) / 2 + PE
    Total System Jitter     (TSJ):    0.050ns
    Total Input Jitter      (TIJ):    0.000ns
    Discrete Jitter          (DJ):    0.000ns
    Phase Error              (PE):    0.000ns

    Location             Delay type                Incr(ns)  Path(ns)    Netlist Resource(s)
  -------------------------------------------------------------------    -------------------
    N17                                               0.000     0.000 r  btn_rst (IN)
                         net (fo=0)                   0.000     0.000    btn_rst
    N17                  IBUF (Prop_ibuf_I_O)         1.477     1.477 r  btn_rst_IBUF_inst/O
                         net (fo=2, routed)           1.841     3.318    u_ser/btn_rst_IBUF
    SLICE_X0Y97          LUT2 (Prop_lut2_I0_O)        0.124     3.442 r  u_ser/FSM_onehot_state[3]_i_2/O
                         net (fo=193, routed)         4.526     7.968    top/fifo_sync/fifo_generator_0/<hidden>/<hidden>/<hidden>/<hidden>/<hidden>/<hidden>
    SLICE_X7Y25          FDRE                                         r  top/fifo_sync/fifo_generator_0/<hidden>/<hidden>/<hidden>/<hidden>/<hidden>/<hidden>
  -------------------------------------------------------------------    -------------------

                         (clock sys_clk_pin rise edge)
                                                      0.000     0.000 r  
    E3                                                0.000     0.000 r  clk (IN)
                         net (fo=0)                   0.000     0.000    clk
    E3                   IBUF (Prop_ibuf_I_O)         1.411     1.411 r  clk_IBUF_inst/O
                         net (fo=1, routed)           1.920     3.331    clk_IBUF
    BUFGCTRL_X0Y16       BUFG (Prop_bufg_I_O)         0.091     3.422 r  clk_IBUF_BUFG_inst/O
                         net (fo=3610, routed)        1.753     5.175    top/fifo_sync/fifo_generator_0/<hidden>/<hidden>/<hidden>/<hidden>/<hidden>/<hidden>
    SLICE_X7Y25          FDRE                                         r  top/fifo_sync/fifo_generator_0/<hidden>/<hidden>/<hidden>/<hidden>/<hidden>/<hidden>

Slack:                    inf
  Source:                 btn_rst
                            (input port)
  Destination:            top/fifo_sync/fifo_generator_0/<hidden>/<hidden>/<hidden>/<hidden>/<hidden>/<hidden>
                            (rising edge-triggered cell FDSE clocked by sys_clk_pin  {rise@0.000ns fall@5.000ns period=10.000ns})
  Path Group:             (none)
  Path Type:              Setup (Max at Slow Process Corner)
  Data Path Delay:        7.968ns  (logic 1.601ns (20.089%)  route 6.367ns (79.911%))
  Logic Levels:           2  (IBUF=1 LUT2=1)
  Clock Path Skew:        5.175ns (DCD - SCD + CPR)
    Destination Clock Delay (DCD):    5.175ns
    Source Clock Delay      (SCD):    0.000ns
    Clock Pessimism Removal (CPR):    0.000ns
  Clock Uncertainty:      0.025ns  ((TSJ^2 + TIJ^2)^1/2 + DJ) / 2 + PE
    Total System Jitter     (TSJ):    0.050ns
    Total Input Jitter      (TIJ):    0.000ns
    Discrete Jitter          (DJ):    0.000ns
    Phase Error              (PE):    0.000ns

    Location             Delay type                Incr(ns)  Path(ns)    Netlist Resource(s)
  -------------------------------------------------------------------    -------------------
    N17                                               0.000     0.000 r  btn_rst (IN)
                         net (fo=0)                   0.000     0.000    btn_rst
    N17                  IBUF (Prop_ibuf_I_O)         1.477     1.477 r  btn_rst_IBUF_inst/O
                         net (fo=2, routed)           1.841     3.318    u_ser/btn_rst_IBUF
    SLICE_X0Y97          LUT2 (Prop_lut2_I0_O)        0.124     3.442 r  u_ser/FSM_onehot_state[3]_i_2/O
                         net (fo=193, routed)         4.526     7.968    top/fifo_sync/fifo_generator_0/<hidden>/<hidden>/<hidden>/<hidden>/<hidden>/<hidden>
    SLICE_X7Y25          FDSE                                         r  top/fifo_sync/fifo_generator_0/<hidden>/<hidden>/<hidden>/<hidden>/<hidden>/<hidden>
  -------------------------------------------------------------------    -------------------

                         (clock sys_clk_pin rise edge)
                                                      0.000     0.000 r  
    E3                                                0.000     0.000 r  clk (IN)
                         net (fo=0)                   0.000     0.000    clk
    E3                   IBUF (Prop_ibuf_I_O)         1.411     1.411 r  clk_IBUF_inst/O
                         net (fo=1, routed)           1.920     3.331    clk_IBUF
    BUFGCTRL_X0Y16       BUFG (Prop_bufg_I_O)         0.091     3.422 r  clk_IBUF_BUFG_inst/O
                         net (fo=3610, routed)        1.753     5.175    top/fifo_sync/fifo_generator_0/<hidden>/<hidden>/<hidden>/<hidden>/<hidden>/<hidden>
    SLICE_X7Y25          FDSE                                         r  top/fifo_sync/fifo_generator_0/<hidden>/<hidden>/<hidden>/<hidden>/<hidden>/<hidden>

Slack:                    inf
  Source:                 btn_rst
                            (input port)
  Destination:            top/fifo_sync/fifo_generator_0/<hidden>/<hidden>/<hidden>/<hidden>/<hidden>/<hidden>
                            (rising edge-triggered cell FDSE clocked by sys_clk_pin  {rise@0.000ns fall@5.000ns period=10.000ns})
  Path Group:             (none)
  Path Type:              Setup (Max at Slow Process Corner)
  Data Path Delay:        7.968ns  (logic 1.601ns (20.089%)  route 6.367ns (79.911%))
  Logic Levels:           2  (IBUF=1 LUT2=1)
  Clock Path Skew:        5.175ns (DCD - SCD + CPR)
    Destination Clock Delay (DCD):    5.175ns
    Source Clock Delay      (SCD):    0.000ns
    Clock Pessimism Removal (CPR):    0.000ns
  Clock Uncertainty:      0.025ns  ((TSJ^2 + TIJ^2)^1/2 + DJ) / 2 + PE
    Total System Jitter     (TSJ):    0.050ns
    Total Input Jitter      (TIJ):    0.000ns
    Discrete Jitter          (DJ):    0.000ns
    Phase Error              (PE):    0.000ns

    Location             Delay type                Incr(ns)  Path(ns)    Netlist Resource(s)
  -------------------------------------------------------------------    -------------------
    N17                                               0.000     0.000 r  btn_rst (IN)
                         net (fo=0)                   0.000     0.000    btn_rst
    N17                  IBUF (Prop_ibuf_I_O)         1.477     1.477 r  btn_rst_IBUF_inst/O
                         net (fo=2, routed)           1.841     3.318    u_ser/btn_rst_IBUF
    SLICE_X0Y97          LUT2 (Prop_lut2_I0_O)        0.124     3.442 r  u_ser/FSM_onehot_state[3]_i_2/O
                         net (fo=193, routed)         4.526     7.968    top/fifo_sync/fifo_generator_0/<hidden>/<hidden>/<hidden>/<hidden>/<hidden>/<hidden>
    SLICE_X7Y25          FDSE                                         r  top/fifo_sync/fifo_generator_0/<hidden>/<hidden>/<hidden>/<hidden>/<hidden>/<hidden>
  -------------------------------------------------------------------    -------------------

                         (clock sys_clk_pin rise edge)
                                                      0.000     0.000 r  
    E3                                                0.000     0.000 r  clk (IN)
                         net (fo=0)                   0.000     0.000    clk
    E3                   IBUF (Prop_ibuf_I_O)         1.411     1.411 r  clk_IBUF_inst/O
                         net (fo=1, routed)           1.920     3.331    clk_IBUF
    BUFGCTRL_X0Y16       BUFG (Prop_bufg_I_O)         0.091     3.422 r  clk_IBUF_BUFG_inst/O
                         net (fo=3610, routed)        1.753     5.175    top/fifo_sync/fifo_generator_0/<hidden>/<hidden>/<hidden>/<hidden>/<hidden>/<hidden>
    SLICE_X7Y25          FDSE                                         r  top/fifo_sync/fifo_generator_0/<hidden>/<hidden>/<hidden>/<hidden>/<hidden>/<hidden>

Slack:                    inf
  Source:                 btn_rst
                            (input port)
  Destination:            top/fifo_sync/fifo_generator_0/<hidden>/<hidden>/<hidden>/<hidden>/<hidden>/<hidden>
                            (rising edge-triggered cell FDRE clocked by sys_clk_pin  {rise@0.000ns fall@5.000ns period=10.000ns})
  Path Group:             (none)
  Path Type:              Setup (Max at Slow Process Corner)
  Data Path Delay:        7.758ns  (logic 1.601ns (20.631%)  route 6.157ns (79.369%))
  Logic Levels:           2  (IBUF=1 LUT2=1)
  Clock Path Skew:        5.175ns (DCD - SCD + CPR)
    Destination Clock Delay (DCD):    5.175ns
    Source Clock Delay      (SCD):    0.000ns
    Clock Pessimism Removal (CPR):    0.000ns
  Clock Uncertainty:      0.025ns  ((TSJ^2 + TIJ^2)^1/2 + DJ) / 2 + PE
    Total System Jitter     (TSJ):    0.050ns
    Total Input Jitter      (TIJ):    0.000ns
    Discrete Jitter          (DJ):    0.000ns
    Phase Error              (PE):    0.000ns

    Location             Delay type                Incr(ns)  Path(ns)    Netlist Resource(s)
  -------------------------------------------------------------------    -------------------
    N17                                               0.000     0.000 r  btn_rst (IN)
                         net (fo=0)                   0.000     0.000    btn_rst
    N17                  IBUF (Prop_ibuf_I_O)         1.477     1.477 r  btn_rst_IBUF_inst/O
                         net (fo=2, routed)           1.841     3.318    u_ser/btn_rst_IBUF
    SLICE_X0Y97          LUT2 (Prop_lut2_I0_O)        0.124     3.442 r  u_ser/FSM_onehot_state[3]_i_2/O
                         net (fo=193, routed)         4.316     7.758    top/fifo_sync/fifo_generator_0/<hidden>/<hidden>/<hidden>/<hidden>/<hidden>/<hidden>
    SLICE_X4Y24          FDRE                                         r  top/fifo_sync/fifo_generator_0/<hidden>/<hidden>/<hidden>/<hidden>/<hidden>/<hidden>
  -------------------------------------------------------------------    -------------------

                         (clock sys_clk_pin rise edge)
                                                      0.000     0.000 r  
    E3                                                0.000     0.000 r  clk (IN)
                         net (fo=0)                   0.000     0.000    clk
    E3                   IBUF (Prop_ibuf_I_O)         1.411     1.411 r  clk_IBUF_inst/O
                         net (fo=1, routed)           1.920     3.331    clk_IBUF
    BUFGCTRL_X0Y16       BUFG (Prop_bufg_I_O)         0.091     3.422 r  clk_IBUF_BUFG_inst/O
                         net (fo=3610, routed)        1.753     5.175    top/fifo_sync/fifo_generator_0/<hidden>/<hidden>/<hidden>/<hidden>/<hidden>/<hidden>
    SLICE_X4Y24          FDRE                                         r  top/fifo_sync/fifo_generator_0/<hidden>/<hidden>/<hidden>/<hidden>/<hidden>/<hidden>

Slack:                    inf
  Source:                 btn_rst
                            (input port)
  Destination:            top/fifo_sync/fifo_generator_0/<hidden>/<hidden>/<hidden>/<hidden>/<hidden>/<hidden>
                            (rising edge-triggered cell FDRE clocked by sys_clk_pin  {rise@0.000ns fall@5.000ns period=10.000ns})
  Path Group:             (none)
  Path Type:              Setup (Max at Slow Process Corner)
  Data Path Delay:        7.756ns  (logic 1.601ns (20.638%)  route 6.155ns (79.362%))
  Logic Levels:           2  (IBUF=1 LUT2=1)
  Clock Path Skew:        5.181ns (DCD - SCD + CPR)
    Destination Clock Delay (DCD):    5.181ns
    Source Clock Delay      (SCD):    0.000ns
    Clock Pessimism Removal (CPR):    0.000ns
  Clock Uncertainty:      0.025ns  ((TSJ^2 + TIJ^2)^1/2 + DJ) / 2 + PE
    Total System Jitter     (TSJ):    0.050ns
    Total Input Jitter      (TIJ):    0.000ns
    Discrete Jitter          (DJ):    0.000ns
    Phase Error              (PE):    0.000ns

    Location             Delay type                Incr(ns)  Path(ns)    Netlist Resource(s)
  -------------------------------------------------------------------    -------------------
    N17                                               0.000     0.000 r  btn_rst (IN)
                         net (fo=0)                   0.000     0.000    btn_rst
    N17                  IBUF (Prop_ibuf_I_O)         1.477     1.477 r  btn_rst_IBUF_inst/O
                         net (fo=2, routed)           1.841     3.318    u_ser/btn_rst_IBUF
    SLICE_X0Y97          LUT2 (Prop_lut2_I0_O)        0.124     3.442 r  u_ser/FSM_onehot_state[3]_i_2/O
                         net (fo=193, routed)         4.314     7.756    top/fifo_sync/fifo_generator_0/<hidden>/<hidden>/<hidden>/<hidden>/<hidden>/<hidden>
    SLICE_X5Y20          FDRE                                         r  top/fifo_sync/fifo_generator_0/<hidden>/<hidden>/<hidden>/<hidden>/<hidden>/<hidden>
  -------------------------------------------------------------------    -------------------

                         (clock sys_clk_pin rise edge)
                                                      0.000     0.000 r  
    E3                                                0.000     0.000 r  clk (IN)
                         net (fo=0)                   0.000     0.000    clk
    E3                   IBUF (Prop_ibuf_I_O)         1.411     1.411 r  clk_IBUF_inst/O
                         net (fo=1, routed)           1.920     3.331    clk_IBUF
    BUFGCTRL_X0Y16       BUFG (Prop_bufg_I_O)         0.091     3.422 r  clk_IBUF_BUFG_inst/O
                         net (fo=3610, routed)        1.759     5.181    top/fifo_sync/fifo_generator_0/<hidden>/<hidden>/<hidden>/<hidden>/<hidden>/<hidden>
    SLICE_X5Y20          FDRE                                         r  top/fifo_sync/fifo_generator_0/<hidden>/<hidden>/<hidden>/<hidden>/<hidden>/<hidden>





Min Delay Paths
--------------------------------------------------------------------------------------
Slack:                    inf
  Source:                 btn_start
                            (input port)
  Destination:            u_start_sync/s0_reg/D
                            (rising edge-triggered cell FDCE clocked by sys_clk_pin  {rise@0.000ns fall@5.000ns period=10.000ns})
  Path Group:             (none)
  Path Type:              Hold (Min at Fast Process Corner)
  Data Path Delay:        1.220ns  (logic 0.254ns (20.792%)  route 0.966ns (79.208%))
  Logic Levels:           1  (IBUF=1)
  Clock Path Skew:        2.113ns (DCD - SCD - CPR)
    Destination Clock Delay (DCD):    2.113ns
    Source Clock Delay      (SCD):    0.000ns
    Clock Pessimism Removal (CPR):    -0.000ns

    Location             Delay type                Incr(ns)  Path(ns)    Netlist Resource(s)
  -------------------------------------------------------------------    -------------------
    M18                                               0.000     0.000 r  btn_start (IN)
                         net (fo=0)                   0.000     0.000    btn_start
    M18                  IBUF (Prop_ibuf_I_O)         0.254     0.254 r  btn_start_IBUF_inst/O
                         net (fo=1, routed)           0.966     1.220    u_start_sync/btn_start_IBUF
    SLICE_X0Y47          FDCE                                         r  u_start_sync/s0_reg/D
  -------------------------------------------------------------------    -------------------

                         (clock sys_clk_pin rise edge)
                                                      0.000     0.000 r  
    E3                                                0.000     0.000 r  clk (IN)
                         net (fo=0)                   0.000     0.000    clk
    E3                   IBUF (Prop_ibuf_I_O)         0.438     0.438 r  clk_IBUF_inst/O
                         net (fo=1, routed)           0.699     1.136    clk_IBUF
    BUFGCTRL_X0Y16       BUFG (Prop_bufg_I_O)         0.029     1.165 r  clk_IBUF_BUFG_inst/O
                         net (fo=3610, routed)        0.948     2.113    u_start_sync/CLK
    SLICE_X0Y47          FDCE                                         r  u_start_sync/s0_reg/C

Slack:                    inf
  Source:                 btn_rst
                            (input port)
  Destination:            u_start_sync/s0_reg/CLR
                            (removal check against rising-edge clock sys_clk_pin  {rise@0.000ns fall@5.000ns period=10.000ns})
  Path Group:             (none)
  Path Type:              Removal (Min at Fast Process Corner)
  Data Path Delay:        1.926ns  (logic 0.289ns (15.028%)  route 1.637ns (84.972%))
  Logic Levels:           2  (IBUF=1 LUT2=1)
  Clock Path Skew:        2.113ns (DCD - SCD - CPR)
    Destination Clock Delay (DCD):    2.113ns
    Source Clock Delay      (SCD):    0.000ns
    Clock Pessimism Removal (CPR):    -0.000ns

    Location             Delay type                Incr(ns)  Path(ns)    Netlist Resource(s)
  -------------------------------------------------------------------    -------------------
    N17                                               0.000     0.000 f  btn_rst (IN)
                         net (fo=0)                   0.000     0.000    btn_rst
    N17                  IBUF (Prop_ibuf_I_O)         0.244     0.244 f  btn_rst_IBUF_inst/O
                         net (fo=2, routed)           0.733     0.978    u_ser/btn_rst_IBUF
    SLICE_X0Y97          LUT2 (Prop_lut2_I0_O)        0.045     1.023 f  u_ser/FSM_onehot_state[3]_i_2/O
                         net (fo=193, routed)         0.903     1.926    u_start_sync/s2_reg_0
    SLICE_X0Y47          FDCE                                         f  u_start_sync/s0_reg/CLR
  -------------------------------------------------------------------    -------------------

                         (clock sys_clk_pin rise edge)
                                                      0.000     0.000 r  
    E3                                                0.000     0.000 r  clk (IN)
                         net (fo=0)                   0.000     0.000    clk
    E3                   IBUF (Prop_ibuf_I_O)         0.438     0.438 r  clk_IBUF_inst/O
                         net (fo=1, routed)           0.699     1.136    clk_IBUF
    BUFGCTRL_X0Y16       BUFG (Prop_bufg_I_O)         0.029     1.165 r  clk_IBUF_BUFG_inst/O
                         net (fo=3610, routed)        0.948     2.113    u_start_sync/CLK
    SLICE_X0Y47          FDCE                                         r  u_start_sync/s0_reg/C

Slack:                    inf
  Source:                 btn_rst
                            (input port)
  Destination:            u_start_sync/s1_reg/CLR
                            (removal check against rising-edge clock sys_clk_pin  {rise@0.000ns fall@5.000ns period=10.000ns})
  Path Group:             (none)
  Path Type:              Removal (Min at Fast Process Corner)
  Data Path Delay:        1.926ns  (logic 0.289ns (15.028%)  route 1.637ns (84.972%))
  Logic Levels:           2  (IBUF=1 LUT2=1)
  Clock Path Skew:        2.113ns (DCD - SCD - CPR)
    Destination Clock Delay (DCD):    2.113ns
    Source Clock Delay      (SCD):    0.000ns
    Clock Pessimism Removal (CPR):    -0.000ns

    Location             Delay type                Incr(ns)  Path(ns)    Netlist Resource(s)
  -------------------------------------------------------------------    -------------------
    N17                                               0.000     0.000 f  btn_rst (IN)
                         net (fo=0)                   0.000     0.000    btn_rst
    N17                  IBUF (Prop_ibuf_I_O)         0.244     0.244 f  btn_rst_IBUF_inst/O
                         net (fo=2, routed)           0.733     0.978    u_ser/btn_rst_IBUF
    SLICE_X0Y97          LUT2 (Prop_lut2_I0_O)        0.045     1.023 f  u_ser/FSM_onehot_state[3]_i_2/O
                         net (fo=193, routed)         0.903     1.926    u_start_sync/s2_reg_0
    SLICE_X0Y47          FDCE                                         f  u_start_sync/s1_reg/CLR
  -------------------------------------------------------------------    -------------------

                         (clock sys_clk_pin rise edge)
                                                      0.000     0.000 r  
    E3                                                0.000     0.000 r  clk (IN)
                         net (fo=0)                   0.000     0.000    clk
    E3                   IBUF (Prop_ibuf_I_O)         0.438     0.438 r  clk_IBUF_inst/O
                         net (fo=1, routed)           0.699     1.136    clk_IBUF
    BUFGCTRL_X0Y16       BUFG (Prop_bufg_I_O)         0.029     1.165 r  clk_IBUF_BUFG_inst/O
                         net (fo=3610, routed)        0.948     2.113    u_start_sync/CLK
    SLICE_X0Y47          FDCE                                         r  u_start_sync/s1_reg/C

Slack:                    inf
  Source:                 btn_rst
                            (input port)
  Destination:            start_ever_seen_reg/CLR
                            (removal check against rising-edge clock sys_clk_pin  {rise@0.000ns fall@5.000ns period=10.000ns})
  Path Group:             (none)
  Path Type:              Removal (Min at Fast Process Corner)
  Data Path Delay:        2.060ns  (logic 0.289ns (14.052%)  route 1.770ns (85.948%))
  Logic Levels:           2  (IBUF=1 LUT2=1)
  Clock Path Skew:        2.112ns (DCD - SCD - CPR)
    Destination Clock Delay (DCD):    2.112ns
    Source Clock Delay      (SCD):    0.000ns
    Clock Pessimism Removal (CPR):    -0.000ns

    Location             Delay type                Incr(ns)  Path(ns)    Netlist Resource(s)
  -------------------------------------------------------------------    -------------------
    N17                                               0.000     0.000 f  btn_rst (IN)
                         net (fo=0)                   0.000     0.000    btn_rst
    N17                  IBUF (Prop_ibuf_I_O)         0.244     0.244 f  btn_rst_IBUF_inst/O
                         net (fo=2, routed)           0.733     0.978    u_ser/btn_rst_IBUF
    SLICE_X0Y97          LUT2 (Prop_lut2_I0_O)        0.045     1.023 f  u_ser/FSM_onehot_state[3]_i_2/O
                         net (fo=193, routed)         1.037     2.060    u_ser_n_1
    SLICE_X0Y44          FDCE                                         f  start_ever_seen_reg/CLR
  -------------------------------------------------------------------    -------------------

                         (clock sys_clk_pin rise edge)
                                                      0.000     0.000 r  
    E3                                                0.000     0.000 r  clk (IN)
                         net (fo=0)                   0.000     0.000    clk
    E3                   IBUF (Prop_ibuf_I_O)         0.438     0.438 r  clk_IBUF_inst/O
                         net (fo=1, routed)           0.699     1.136    clk_IBUF
    BUFGCTRL_X0Y16       BUFG (Prop_bufg_I_O)         0.029     1.165 r  clk_IBUF_BUFG_inst/O
                         net (fo=3610, routed)        0.947     2.112    clk_IBUF_BUFG
    SLICE_X0Y44          FDCE                                         r  start_ever_seen_reg/C

Slack:                    inf
  Source:                 btn_rst
                            (input port)
  Destination:            u_start_sync/s2_reg/CLR
                            (removal check against rising-edge clock sys_clk_pin  {rise@0.000ns fall@5.000ns period=10.000ns})
  Path Group:             (none)
  Path Type:              Removal (Min at Fast Process Corner)
  Data Path Delay:        2.114ns  (logic 0.289ns (13.694%)  route 1.824ns (86.306%))
  Logic Levels:           2  (IBUF=1 LUT2=1)
  Clock Path Skew:        2.112ns (DCD - SCD - CPR)
    Destination Clock Delay (DCD):    2.112ns
    Source Clock Delay      (SCD):    0.000ns
    Clock Pessimism Removal (CPR):    -0.000ns

    Location             Delay type                Incr(ns)  Path(ns)    Netlist Resource(s)
  -------------------------------------------------------------------    -------------------
    N17                                               0.000     0.000 f  btn_rst (IN)
                         net (fo=0)                   0.000     0.000    btn_rst
    N17                  IBUF (Prop_ibuf_I_O)         0.244     0.244 f  btn_rst_IBUF_inst/O
                         net (fo=2, routed)           0.733     0.978    u_ser/btn_rst_IBUF
    SLICE_X0Y97          LUT2 (Prop_lut2_I0_O)        0.045     1.023 f  u_ser/FSM_onehot_state[3]_i_2/O
                         net (fo=193, routed)         1.091     2.114    u_start_sync/s2_reg_0
    SLICE_X0Y43          FDCE                                         f  u_start_sync/s2_reg/CLR
  -------------------------------------------------------------------    -------------------

                         (clock sys_clk_pin rise edge)
                                                      0.000     0.000 r  
    E3                                                0.000     0.000 r  clk (IN)
                         net (fo=0)                   0.000     0.000    clk
    E3                   IBUF (Prop_ibuf_I_O)         0.438     0.438 r  clk_IBUF_inst/O
                         net (fo=1, routed)           0.699     1.136    clk_IBUF
    BUFGCTRL_X0Y16       BUFG (Prop_bufg_I_O)         0.029     1.165 r  clk_IBUF_BUFG_inst/O
                         net (fo=3610, routed)        0.947     2.112    u_start_sync/CLK
    SLICE_X0Y43          FDCE                                         r  u_start_sync/s2_reg/C

Slack:                    inf
  Source:                 btn_rst
                            (input port)
  Destination:            u_seq/sc_idx_reg[0]/CLR
                            (removal check against rising-edge clock sys_clk_pin  {rise@0.000ns fall@5.000ns period=10.000ns})
  Path Group:             (none)
  Path Type:              Removal (Min at Fast Process Corner)
  Data Path Delay:        2.238ns  (logic 0.289ns (12.936%)  route 1.948ns (87.064%))
  Logic Levels:           2  (IBUF=1 LUT2=1)
  Clock Path Skew:        2.107ns (DCD - SCD - CPR)
    Destination Clock Delay (DCD):    2.107ns
    Source Clock Delay      (SCD):    0.000ns
    Clock Pessimism Removal (CPR):    -0.000ns

    Location             Delay type                Incr(ns)  Path(ns)    Netlist Resource(s)
  -------------------------------------------------------------------    -------------------
    N17                                               0.000     0.000 f  btn_rst (IN)
                         net (fo=0)                   0.000     0.000    btn_rst
    N17                  IBUF (Prop_ibuf_I_O)         0.244     0.244 f  btn_rst_IBUF_inst/O
                         net (fo=2, routed)           0.733     0.978    u_ser/btn_rst_IBUF
    SLICE_X0Y97          LUT2 (Prop_lut2_I0_O)        0.045     1.023 f  u_ser/FSM_onehot_state[3]_i_2/O
                         net (fo=193, routed)         1.215     2.238    u_seq/block_idx_reg[0]_0
    SLICE_X1Y36          FDCE                                         f  u_seq/sc_idx_reg[0]/CLR
  -------------------------------------------------------------------    -------------------

                         (clock sys_clk_pin rise edge)
                                                      0.000     0.000 r  
    E3                                                0.000     0.000 r  clk (IN)
                         net (fo=0)                   0.000     0.000    clk
    E3                   IBUF (Prop_ibuf_I_O)         0.438     0.438 r  clk_IBUF_inst/O
                         net (fo=1, routed)           0.699     1.136    clk_IBUF
    BUFGCTRL_X0Y16       BUFG (Prop_bufg_I_O)         0.029     1.165 r  clk_IBUF_BUFG_inst/O
                         net (fo=3610, routed)        0.942     2.107    u_seq/CLK
    SLICE_X1Y36          FDCE                                         r  u_seq/sc_idx_reg[0]/C

Slack:                    inf
  Source:                 btn_rst
                            (input port)
  Destination:            u_seq/sc_idx_reg[1]/CLR
                            (removal check against rising-edge clock sys_clk_pin  {rise@0.000ns fall@5.000ns period=10.000ns})
  Path Group:             (none)
  Path Type:              Removal (Min at Fast Process Corner)
  Data Path Delay:        2.238ns  (logic 0.289ns (12.936%)  route 1.948ns (87.064%))
  Logic Levels:           2  (IBUF=1 LUT2=1)
  Clock Path Skew:        2.107ns (DCD - SCD - CPR)
    Destination Clock Delay (DCD):    2.107ns
    Source Clock Delay      (SCD):    0.000ns
    Clock Pessimism Removal (CPR):    -0.000ns

    Location             Delay type                Incr(ns)  Path(ns)    Netlist Resource(s)
  -------------------------------------------------------------------    -------------------
    N17                                               0.000     0.000 f  btn_rst (IN)
                         net (fo=0)                   0.000     0.000    btn_rst
    N17                  IBUF (Prop_ibuf_I_O)         0.244     0.244 f  btn_rst_IBUF_inst/O
                         net (fo=2, routed)           0.733     0.978    u_ser/btn_rst_IBUF
    SLICE_X0Y97          LUT2 (Prop_lut2_I0_O)        0.045     1.023 f  u_ser/FSM_onehot_state[3]_i_2/O
                         net (fo=193, routed)         1.215     2.238    u_seq/block_idx_reg[0]_0
    SLICE_X1Y36          FDCE                                         f  u_seq/sc_idx_reg[1]/CLR
  -------------------------------------------------------------------    -------------------

                         (clock sys_clk_pin rise edge)
                                                      0.000     0.000 r  
    E3                                                0.000     0.000 r  clk (IN)
                         net (fo=0)                   0.000     0.000    clk
    E3                   IBUF (Prop_ibuf_I_O)         0.438     0.438 r  clk_IBUF_inst/O
                         net (fo=1, routed)           0.699     1.136    clk_IBUF
    BUFGCTRL_X0Y16       BUFG (Prop_bufg_I_O)         0.029     1.165 r  clk_IBUF_BUFG_inst/O
                         net (fo=3610, routed)        0.942     2.107    u_seq/CLK
    SLICE_X1Y36          FDCE                                         r  u_seq/sc_idx_reg[1]/C

Slack:                    inf
  Source:                 btn_rst
                            (input port)
  Destination:            u_seq/sc_idx_reg[2]/CLR
                            (removal check against rising-edge clock sys_clk_pin  {rise@0.000ns fall@5.000ns period=10.000ns})
  Path Group:             (none)
  Path Type:              Removal (Min at Fast Process Corner)
  Data Path Delay:        2.238ns  (logic 0.289ns (12.936%)  route 1.948ns (87.064%))
  Logic Levels:           2  (IBUF=1 LUT2=1)
  Clock Path Skew:        2.107ns (DCD - SCD - CPR)
    Destination Clock Delay (DCD):    2.107ns
    Source Clock Delay      (SCD):    0.000ns
    Clock Pessimism Removal (CPR):    -0.000ns

    Location             Delay type                Incr(ns)  Path(ns)    Netlist Resource(s)
  -------------------------------------------------------------------    -------------------
    N17                                               0.000     0.000 f  btn_rst (IN)
                         net (fo=0)                   0.000     0.000    btn_rst
    N17                  IBUF (Prop_ibuf_I_O)         0.244     0.244 f  btn_rst_IBUF_inst/O
                         net (fo=2, routed)           0.733     0.978    u_ser/btn_rst_IBUF
    SLICE_X0Y97          LUT2 (Prop_lut2_I0_O)        0.045     1.023 f  u_ser/FSM_onehot_state[3]_i_2/O
                         net (fo=193, routed)         1.215     2.238    u_seq/block_idx_reg[0]_0
    SLICE_X1Y36          FDCE                                         f  u_seq/sc_idx_reg[2]/CLR
  -------------------------------------------------------------------    -------------------

                         (clock sys_clk_pin rise edge)
                                                      0.000     0.000 r  
    E3                                                0.000     0.000 r  clk (IN)
                         net (fo=0)                   0.000     0.000    clk
    E3                   IBUF (Prop_ibuf_I_O)         0.438     0.438 r  clk_IBUF_inst/O
                         net (fo=1, routed)           0.699     1.136    clk_IBUF
    BUFGCTRL_X0Y16       BUFG (Prop_bufg_I_O)         0.029     1.165 r  clk_IBUF_BUFG_inst/O
                         net (fo=3610, routed)        0.942     2.107    u_seq/CLK
    SLICE_X1Y36          FDCE                                         r  u_seq/sc_idx_reg[2]/C

Slack:                    inf
  Source:                 btn_rst
                            (input port)
  Destination:            u_seq/FSM_onehot_state_reg[0]/PRE
                            (removal check against rising-edge clock sys_clk_pin  {rise@0.000ns fall@5.000ns period=10.000ns})
  Path Group:             (none)
  Path Type:              Removal (Min at Fast Process Corner)
  Data Path Delay:        2.242ns  (logic 0.289ns (12.910%)  route 1.953ns (87.090%))
  Logic Levels:           2  (IBUF=1 LUT2=1)
  Clock Path Skew:        2.107ns (DCD - SCD - CPR)
    Destination Clock Delay (DCD):    2.107ns
    Source Clock Delay      (SCD):    0.000ns
    Clock Pessimism Removal (CPR):    -0.000ns

    Location             Delay type                Incr(ns)  Path(ns)    Netlist Resource(s)
  -------------------------------------------------------------------    -------------------
    N17                                               0.000     0.000 f  btn_rst (IN)
                         net (fo=0)                   0.000     0.000    btn_rst
    N17                  IBUF (Prop_ibuf_I_O)         0.244     0.244 f  btn_rst_IBUF_inst/O
                         net (fo=2, routed)           0.733     0.978    u_ser/btn_rst_IBUF
    SLICE_X0Y97          LUT2 (Prop_lut2_I0_O)        0.045     1.023 f  u_ser/FSM_onehot_state[3]_i_2/O
                         net (fo=193, routed)         1.219     2.242    u_seq/block_idx_reg[0]_0
    SLICE_X0Y36          FDPE                                         f  u_seq/FSM_onehot_state_reg[0]/PRE
  -------------------------------------------------------------------    -------------------

                         (clock sys_clk_pin rise edge)
                                                      0.000     0.000 r  
    E3                                                0.000     0.000 r  clk (IN)
                         net (fo=0)                   0.000     0.000    clk
    E3                   IBUF (Prop_ibuf_I_O)         0.438     0.438 r  clk_IBUF_inst/O
                         net (fo=1, routed)           0.699     1.136    clk_IBUF
    BUFGCTRL_X0Y16       BUFG (Prop_bufg_I_O)         0.029     1.165 r  clk_IBUF_BUFG_inst/O
                         net (fo=3610, routed)        0.942     2.107    u_seq/CLK
    SLICE_X0Y36          FDPE                                         r  u_seq/FSM_onehot_state_reg[0]/C

Slack:                    inf
  Source:                 btn_rst
                            (input port)
  Destination:            u_seq/FSM_onehot_state_reg[1]/CLR
                            (removal check against rising-edge clock sys_clk_pin  {rise@0.000ns fall@5.000ns period=10.000ns})
  Path Group:             (none)
  Path Type:              Removal (Min at Fast Process Corner)
  Data Path Delay:        2.242ns  (logic 0.289ns (12.910%)  route 1.953ns (87.090%))
  Logic Levels:           2  (IBUF=1 LUT2=1)
  Clock Path Skew:        2.107ns (DCD - SCD - CPR)
    Destination Clock Delay (DCD):    2.107ns
    Source Clock Delay      (SCD):    0.000ns
    Clock Pessimism Removal (CPR):    -0.000ns

    Location             Delay type                Incr(ns)  Path(ns)    Netlist Resource(s)
  -------------------------------------------------------------------    -------------------
    N17                                               0.000     0.000 f  btn_rst (IN)
                         net (fo=0)                   0.000     0.000    btn_rst
    N17                  IBUF (Prop_ibuf_I_O)         0.244     0.244 f  btn_rst_IBUF_inst/O
                         net (fo=2, routed)           0.733     0.978    u_ser/btn_rst_IBUF
    SLICE_X0Y97          LUT2 (Prop_lut2_I0_O)        0.045     1.023 f  u_ser/FSM_onehot_state[3]_i_2/O
                         net (fo=193, routed)         1.219     2.242    u_seq/block_idx_reg[0]_0
    SLICE_X0Y36          FDCE                                         f  u_seq/FSM_onehot_state_reg[1]/CLR
  -------------------------------------------------------------------    -------------------

                         (clock sys_clk_pin rise edge)
                                                      0.000     0.000 r  
    E3                                                0.000     0.000 r  clk (IN)
                         net (fo=0)                   0.000     0.000    clk
    E3                   IBUF (Prop_ibuf_I_O)         0.438     0.438 r  clk_IBUF_inst/O
                         net (fo=1, routed)           0.699     1.136    clk_IBUF
    BUFGCTRL_X0Y16       BUFG (Prop_bufg_I_O)         0.029     1.165 r  clk_IBUF_BUFG_inst/O
                         net (fo=3610, routed)        0.942     2.107    u_seq/CLK
    SLICE_X0Y36          FDCE                                         r  u_seq/FSM_onehot_state_reg[1]/C





